Account Type,Customer Name,Payment ID,Register Date,Register Time,Country,IP Address,Invoice Sent,Invoice Received,Check Sent,KYC,KYB,Bank,CC,Merchant Account,Company Account,Profile Update,Status,Type
Personal,TestTauhid test,P01252804,01-28-2025,05:48 AM,Bangladesh (BD),103.138.120.137,0,0,0,0,0,0,0,0,0,NO,Active,PERSONAL
Personal,Test Jezz,P01252803,01-28-2025,04:35 AM,Bangladesh (BD),103.138.120.138,0,0,0,0,0,0,0,0,0,NO,Active,PERSONAL
Personal,Test Yunus Plan up and down,P01251202,01-12-2025,10:59 PM,Bangladesh (BD),103.112.54.242,0,0,0,0,0,0,0,0,1,YES,Active,PERSONAL
Personal,TestTauhid test CSRF,P12241001,12-10-2024,03:50 AM,Bangladesh (BD),103.138.120.137,0,0,0,0,0,0,0,0,1,YES,Active,PERSONAL
Personal,TestTauhid test,P12240901,12-09-2024,05:52 AM,Bangladesh (BD),103.138.120.137,0,0,0,0,0,0,0,1,3,YES,Deactivated,PERSONAL
Personal,Test Mohamed,P09240301,09-03-2024,04:54 AM,Egypt (EG),102.42.124.55,0,0,0,0,0,0,0,0,0,YES,Active,PERSONAL
Personal,Test Yunus Free,P08242601,08-26-2024,02:59 AM,Bangladesh (BD),103.138.120.137,0,0,0,0,0,0,0,0,0,NO,Inactive,PERSONAL
Personal,TestTauhid test,P08242502,08-25-2024,11:24 PM,Bangladesh (BD),103.138.120.137,0,0,0,0,0,0,0,0,0,NO,Active,PERSONAL
Personal,Test Shariful,P07242702,07-27-2024,11:21 PM,Bangladesh (BD),104.28.240.84,0,0,0,0,0,0,0,0,0,NO,Active,PERSONAL
Personal,Test yunus Stewart,P07240801,07-08-2024,12:44 AM,Bangladesh (BD),103.138.120.137,0,0,0,0,0,0,0,0,0,NO,Active,PERSONAL
Personal,Test Yunus Cherry,P07240105,07-01-2024,02:16 AM,N/A,103.138.120.137,0,0,0,0,0,0,0,0,2,YES,Active,PERSONAL
Personal,Test Miles Yunus,P07240104,07-01-2024,01:21 AM,N/A,103.138.120.137,0,0,3,4,0,4,4,3,11,YES,Active,PERSONAL
Personal,Test Wade yunus,P07240101,07-01-2024,12:53 AM,N/A,103.138.120.137,0,0,0,1,0,0,0,2,4,NO,Active,PERSONAL
Personal,TestTauhid test,P06241301,06-13-2024,04:16 AM,N/A,103.138.120.137,0,5,0,0,0,0,0,0,0,NO,Active,PERSONAL
Personal,test tauhid,P06241204,06-12-2024,06:33 AM,N/A,103.138.120.137,0,0,0,0,0,0,0,0,0,NO,Active,PERSONAL
Personal,Test Yunus,P06241201,06-12-2024,12:03 AM,N/A,103.138.120.137,0,0,0,1,0,0,0,0,0,NO,Active,PERSONAL
Personal,Test Shariful,P06241001,06-10-2024,06:46 AM,N/A,103.138.120.138,0,0,0,0,0,0,0,0,0,NO,Active,PERSONAL
Personal,Test shariful,P06240802,06-08-2024,01:52 AM,N/A,N/A,0,0,0,0,0,0,0,0,0,NO,Active,PERSONAL
Personal,Test Yunus Free,P06240302,06-03-2024,04:38 AM,N/A,N/A,0,0,0,0,0,0,0,0,0,NO,Active,PERSONAL
Personal,Test Yunus Free,P06240301,06-03-2024,12:14 AM,N/A,N/A,0,0,0,0,0,0,0,0,0,NO,Active,PERSONAL
Personal,Test Shariful,P06240205,06-02-2024,05:47 AM,N/A,N/A,0,0,0,0,0,0,0,0,0,NO,Active,PERSONAL
Personal,Test Shariful,P06240204,06-02-2024,04:52 AM,N/A,N/A,0,0,0,0,0,0,0,0,0,NO,Active,PERSONAL
Personal,Test Shariful,P06240202,06-02-2024,04:43 AM,N/A,N/A,0,0,0,0,0,0,0,0,0,NO,Active,PERSONAL
Personal,Test Shariful,P05243002,05-30-2024,05:10 AM,N/A,N/A,0,0,0,0,0,0,0,0,0,NO,Active,PERSONAL
Personal,TestTauhid test,P05242606,05-26-2024,05:30 AM,N/A,N/A,0,0,0,0,0,0,0,0,0,NO,Active,PERSONAL
Personal,TestTauhid test,P05242605,05-26-2024,05:07 AM,N/A,N/A,0,0,0,0,0,0,0,0,0,NO,Active,PERSONAL
Personal,Test Lite Yunus,P05242604,05-26-2024,04:45 AM,N/A,N/A,0,0,0,0,0,0,0,0,0,NO,Active,PERSONAL
Personal,Test Basic Yunus,P05242603,05-26-2024,04:44 AM,N/A,N/A,0,0,0,0,0,0,0,0,0,NO,Active,PERSONAL
Personal,Test Pro Yunus,P05242602,05-26-2024,04:42 AM,N/A,N/A,0,0,0,0,0,0,0,0,0,NO,Active,PERSONAL
Personal,Test Free Yunus,P05242601,05-26-2024,04:40 AM,N/A,N/A,0,0,0,0,0,0,0,0,0,NO,Active,PERSONAL
Personal,TestTauhid test,P05242305,05-23-2024,03:57 AM,N/A,N/A,0,0,0,0,0,0,0,0,0,NO,Active,PERSONAL
Personal,TestTauhid test,P05242304,05-23-2024,02:43 AM,N/A,N/A,0,0,0,0,0,0,0,0,0,NO,Active,PERSONAL
Personal,TestTauhid test,P05242303,05-23-2024,02:42 AM,N/A,N/A,0,0,0,0,0,0,0,0,0,NO,Active,PERSONAL
Personal,testdatapersonal QA,P05242302,05-23-2024,02:40 AM,N/A,N/A,0,0,0,0,0,0,0,0,0,NO,Active,PERSONAL
Personal,Shariful Islam,P05242301,05-23-2024,02:09 AM,N/A,N/A,0,0,0,0,0,0,0,0,0,NO,Active,PERSONAL
Personal,TestTauhid test,P05241903,05-19-2024,12:45 AM,N/A,N/A,0,0,0,0,0,0,0,0,0,NO,Active,PERSONAL
Personal,TestQA Tauhid,P05241902,05-19-2024,12:24 AM,N/A,N/A,0,0,0,0,0,0,0,0,0,NO,Active,PERSONAL
Personal,TestQA Tauhid,P05241901,05-19-2024,12:24 AM,N/A,N/A,0,0,0,0,0,0,0,0,0,NO,Active,PERSONAL
Personal,Test Yunus sev,P05240701,05-07-2024,07:39 AM,N/A,N/A,0,0,0,0,0,0,0,0,0,NO,Active,PERSONAL
Personal,HohoPersonal Personal,P05240501,05-05-2024,07:42 PM,N/A,N/A,0,0,0,0,0,0,0,0,0,NO,Inactive,PERSONAL
Personal,Test ten Yunus,P05240202,05-02-2024,07:48 AM,N/A,N/A,0,0,0,0,0,0,0,0,2,NO,Active,PERSONAL
Personal,Test Doe Yunus,P05240201,05-02-2024,05:02 AM,N/A,N/A,0,0,0,0,0,0,0,0,4,NO,Active,PERSONAL
Personal,Test Yunus INR,P04242901,04-29-2024,12:50 AM,N/A,N/A,0,0,0,0,0,0,0,0,0,NO,Inactive,PERSONAL
Personal,Test Yunus HKD,P03240503,03-05-2024,11:13 PM,N/A,N/A,0,0,0,0,0,0,0,0,0,NO,Inactive,PERSONAL
Personal,Test Yunus UZS,P03240502,03-05-2024,11:13 PM,N/A,N/A,0,0,0,0,0,0,0,0,0,NO,Inactive,PERSONAL
Personal,Test Yunus NAD,P03240501,03-05-2024,11:12 PM,N/A,N/A,0,0,0,0,0,0,0,0,0,NO,Inactive,PERSONAL
Personal,TestBro Test,P02242501,02-25-2024,06:47 AM,N/A,N/A,0,0,0,0,0,0,0,0,0,NO,Active,PERSONAL
Personal,Test Yunus KGS,P01243053,01-30-2024,03:24 AM,N/A,N/A,0,0,0,0,0,0,0,0,0,NO,Inactive,PERSONAL
Personal,Test Yunus LAK,P01243052,01-30-2024,03:24 AM,N/A,N/A,0,0,0,0,0,0,0,0,0,NO,Hold,PERSONAL
Personal,Test Yunus XBB,P01243051,01-30-2024,03:24 AM,N/A,N/A,0,0,0,0,0,0,0,0,0,NO,Inactive,PERSONAL
Personal,Test Yunus FJD,P01243050,01-30-2024,03:24 AM,N/A,N/A,0,0,0,0,0,0,0,0,0,NO,Hold,PERSONAL
Personal,Test Yunus HKD,P01243049,01-30-2024,03:23 AM,N/A,N/A,0,0,0,0,0,0,0,0,0,NO,Inactive,PERSONAL
Personal,Test Yunus BWP,P01243048,01-30-2024,03:23 AM,N/A,N/A,0,0,0,0,0,0,0,0,0,NO,Inactive,PERSONAL
Personal,Test Yunus QAR,P01243047,01-30-2024,03:23 AM,N/A,N/A,0,0,0,0,0,0,0,0,0,NO,Inactive,PERSONAL
Personal,Test Yunus MVR,P01243046,01-30-2024,03:23 AM,N/A,N/A,0,0,0,0,0,0,0,0,0,NO,Inactive,PERSONAL
Personal,Test Yunus EUR,P01243045,01-30-2024,03:22 AM,N/A,N/A,0,0,0,0,0,0,0,0,0,NO,Canceled,PERSONAL
Personal,Test Yunus MUR,P01243044,01-30-2024,03:22 AM,N/A,N/A,0,0,0,0,0,0,0,0,0,NO,Inactive,PERSONAL
Personal,Test Yunus VEF,P01243043,01-30-2024,03:22 AM,N/A,N/A,0,0,0,0,0,0,0,0,0,NO,Inactive,PERSONAL
Personal,Test Yunus SZL,P01243042,01-30-2024,03:22 AM,N/A,N/A,0,0,0,0,0,0,0,0,0,NO,Inactive,PERSONAL
Personal,Test Yunus MOP,P01243041,01-30-2024,03:22 AM,N/A,N/A,0,0,0,0,0,0,0,0,0,NO,Inactive,PERSONAL
Personal,Test Yunus TWD,P01243040,01-30-2024,03:21 AM,N/A,N/A,0,0,0,0,0,0,0,0,0,NO,Inactive,PERSONAL
Personal,Test Yunus HUF,P01243039,01-30-2024,03:21 AM,N/A,N/A,0,0,0,0,0,0,0,0,0,NO,Inactive,PERSONAL
Personal,Test Yunus XOF,P01243038,01-30-2024,03:21 AM,N/A,N/A,0,0,0,0,0,0,0,0,0,NO,Inactive,PERSONAL
Personal,Test Yunus SLL,P01243037,01-30-2024,03:18 AM,N/A,N/A,0,0,0,0,0,0,0,0,0,NO,Inactive,PERSONAL
Personal,Test Yunus UAH,P01243036,01-30-2024,03:05 AM,N/A,N/A,0,0,0,0,0,0,0,0,0,NO,Inactive,PERSONAL
Personal,Test Yunus EGP,P01243035,01-30-2024,03:05 AM,N/A,N/A,0,0,0,0,0,0,0,0,0,NO,Inactive,PERSONAL
Personal,Test Yunus TTD,P01243034,01-30-2024,03:04 AM,N/A,N/A,0,0,0,0,0,0,0,0,0,NO,Inactive,PERSONAL
Personal,Test Yunus SVC,P01243033,01-30-2024,03:04 AM,N/A,N/A,0,0,0,0,0,0,0,0,0,NO,Inactive,PERSONAL
Personal,Test Yunus UYU,P01243032,01-30-2024,03:04 AM,N/A,N/A,0,0,0,0,0,0,0,0,0,NO,Inactive,PERSONAL
Personal,Test Yunus THB,P01243031,01-30-2024,03:03 AM,N/A,N/A,0,0,0,0,0,0,0,0,0,NO,Inactive,PERSONAL
Personal,Test Yunus GNF,P01243030,01-30-2024,03:03 AM,N/A,N/A,0,0,0,0,0,0,0,0,0,NO,Inactive,PERSONAL
Personal,Test Yunus THB,P01243029,01-30-2024,03:03 AM,N/A,N/A,0,0,0,0,0,0,0,0,0,NO,Inactive,PERSONAL
Personal,Test Yunus MVR,P01243028,01-30-2024,03:03 AM,N/A,N/A,0,0,0,0,0,0,0,0,0,NO,Inactive,PERSONAL
Personal,Test Yunus BWP,P01243027,01-30-2024,03:02 AM,N/A,N/A,0,0,0,0,0,0,0,0,0,NO,Inactive,PERSONAL
Personal,Test Yunus TMT,P01243026,01-30-2024,03:02 AM,N/A,N/A,0,0,0,0,0,0,0,0,0,NO,Inactive,PERSONAL
Personal,Test Yunus INR,P01243025,01-30-2024,03:02 AM,N/A,N/A,0,0,0,0,0,0,0,0,0,NO,Inactive,PERSONAL
Personal,Test Yunus NPR,P01243024,01-30-2024,03:02 AM,N/A,N/A,0,0,0,0,0,0,0,0,0,NO,Inactive,PERSONAL
Personal,Test Yunus RUB,P01243023,01-30-2024,03:02 AM,N/A,N/A,0,0,0,0,0,0,0,0,0,NO,Active,PERSONAL
Personal,Test Yunus UAH,P01243022,01-30-2024,02:51 AM,N/A,N/A,0,0,0,0,0,0,0,0,0,NO,Inactive,PERSONAL
Personal,Test Yunus DJF,P01243021,01-30-2024,02:51 AM,N/A,N/A,0,0,0,0,0,0,0,0,0,NO,Inactive,PERSONAL
Personal,Test Yunus AZN,P01243020,01-30-2024,02:51 AM,N/A,N/A,0,0,0,0,0,0,0,0,0,NO,Inactive,PERSONAL
Personal,Test Yunus KGS,P01243019,01-30-2024,02:51 AM,N/A,N/A,0,0,0,0,0,0,0,0,0,NO,Inactive,PERSONAL
Personal,Test Yunus SGD,P01243018,01-30-2024,02:51 AM,N/A,N/A,0,0,0,0,0,0,0,0,0,NO,Inactive,PERSONAL
Personal,Test Yunus KYD,P01243017,01-30-2024,02:51 AM,N/A,N/A,0,0,0,0,0,0,0,0,0,NO,Inactive,PERSONAL
Personal,Test Yunus RON,P01243016,01-30-2024,02:50 AM,N/A,N/A,0,0,0,0,0,0,0,0,0,NO,Inactive,PERSONAL
Personal,Test Yunus LBP,P01243015,01-30-2024,02:50 AM,N/A,N/A,0,0,0,0,0,0,0,0,0,NO,Inactive,PERSONAL
Personal,Test Yunus GIP,P01243014,01-30-2024,02:50 AM,N/A,N/A,0,0,0,0,0,0,0,0,0,NO,Inactive,PERSONAL
Personal,Test Yunus USD,P01243013,01-30-2024,02:50 AM,N/A,N/A,0,0,0,0,0,0,0,0,0,NO,Inactive,PERSONAL
Personal,Test Yunus SCR,P01243012,01-30-2024,02:49 AM,N/A,N/A,0,0,0,0,0,0,0,0,0,NO,Inactive,PERSONAL
Personal,Test Yunus MAD,P01243011,01-30-2024,02:49 AM,N/A,N/A,0,0,0,0,0,0,0,0,0,NO,Inactive,PERSONAL
Personal,Test Yunus ANG,P01243010,01-30-2024,02:49 AM,N/A,N/A,0,0,0,0,0,0,0,0,0,NO,Inactive,PERSONAL
Personal,Test Yunus HUF,P01243009,01-30-2024,02:49 AM,N/A,N/A,0,0,0,0,0,0,0,0,0,NO,Inactive,PERSONAL
Personal,Test Yunus CUC,P01243008,01-30-2024,02:49 AM,N/A,N/A,0,0,0,0,0,0,0,0,0,NO,Inactive,PERSONAL
Personal,Test Yunus XPT,P01243007,01-30-2024,02:48 AM,N/A,N/A,0,0,0,0,0,0,0,0,0,NO,Inactive,PERSONAL
Personal,Test Yunus CVE,P01243006,01-30-2024,02:48 AM,N/A,N/A,0,0,0,0,0,0,0,0,0,NO,Inactive,PERSONAL
Personal,Test Yunus XTS,P01243005,01-30-2024,02:48 AM,N/A,N/A,0,0,0,0,0,0,0,0,0,NO,Inactive,PERSONAL
Personal,Test Yunus NOK,P01243004,01-30-2024,02:48 AM,N/A,N/A,0,0,0,0,0,0,0,0,0,NO,Inactive,PERSONAL
Personal,Test Yunus SRD,P01243003,01-30-2024,02:48 AM,N/A,N/A,0,0,0,0,0,0,0,0,0,NO,Inactive,PERSONAL
Personal,Asif Khan Tanvir,P01243002,01-30-2024,02:45 AM,N/A,N/A,0,0,0,0,0,0,0,0,0,NO,Inactive,PERSONAL
Personal,Tanvir Asif Khan,P01242902,01-29-2024,04:06 AM,N/A,N/A,0,0,0,0,0,0,0,0,0,NO,Active,PERSONAL
Personal,Test Test,P01242805,01-28-2024,07:08 AM,N/A,N/A,0,0,0,0,0,0,0,0,0,NO,Inactive,PERSONAL
Personal,dfadsf sadfasdf,P01242804,01-28-2024,07:07 AM,N/A,N/A,0,0,0,0,0,0,0,0,0,NO,Active,PERSONAL
Personal,sadfas asdf,P01242803,01-28-2024,06:46 AM,N/A,N/A,0,0,0,0,0,0,0,0,0,NO,Active,PERSONAL
Personal,New User,P01242802,01-28-2024,06:41 AM,N/A,N/A,0,0,0,0,0,0,0,0,0,NO,Inactive,PERSONAL
Personal,Test Id,P01242801,01-28-2024,06:04 AM,N/A,N/A,0,0,0,0,0,0,0,0,0,NO,Deactivated,PERSONAL
Personal,Test IDNahid,P01242501,01-25-2024,06:44 AM,N/A,N/A,0,0,0,0,0,0,0,0,0,NO,Active,PERSONAL
Personal,Test QATeam,P01240101,01-01-2024,05:16 AM,N/A,N/A,0,0,0,0,0,0,0,0,0,NO,Active,PERSONAL
Personal,Test PTM,P12232112,12-21-2023,08:48 AM,N/A,N/A,0,0,0,0,0,0,0,0,0,NO,Active,PERSONAL
B. Lite,weff.fwefwe.wfewe.wef.wfe.fw.wef.we fdsf sdsdsdfdsfsdsdfsdfsdfd,P02252002,02-20-2025,12:53 AM,Bangladesh (BD),103.138.120.137,0,0,0,0,0,0,0,0,0,NO,Inactive,B. LITE
B. Lite,weff.fwefwe.wfewe.wef.wfe.fw.wef.we fdsf sdsdsdfdsfsdsdfsdfsdfd,P02252001,02-20-2025,12:53 AM,Bangladesh (BD),103.138.120.137,0,0,0,0,0,0,0,0,0,NO,Inactive,B. LITE
B. Lite,Test Tauhid Billing check,P02250201,02-02-2025,11:04 PM,Bangladesh (BD),103.138.120.137,0,0,0,0,0,0,0,0,2,YES,Active,B. LITE
B. Lite,TestTasfir CSRF OTP,P01252901,01-29-2025,12:20 AM,Bangladesh (BD),103.138.120.137,0,0,0,0,0,0,0,0,0,NO,Inactive,B. LITE
B. Lite,Test merchant test tauhid,P01252802,01-28-2025,04:15 AM,Bangladesh (BD),103.138.120.137,0,0,0,0,0,0,0,0,1,YES,Active,B. LITE
B. Lite,Test Merchant Test Personal Tauhid,P01252801,01-28-2025,03:55 AM,Bangladesh (BD),103.138.120.137,0,0,0,0,0,0,0,0,1,YES,Active,B. LITE
B. Lite,Test Ahmed,P01251601,01-16-2025,01:13 AM,Bangladesh (BD),103.138.120.138,0,0,0,0,0,0,0,0,0,NO,Active,B. LITE
B. Lite,Test Test,P01251503,01-15-2025,04:58 AM,Bangladesh (BD),103.138.120.138,0,0,0,0,0,0,0,0,0,NO,Active,B. LITE
B. Lite,Test Ahmed,P01251502,01-15-2025,04:57 AM,Bangladesh (BD),103.138.120.138,0,0,0,0,0,0,0,0,0,NO,Active,B. LITE
B. Lite,Test Ahmed,P01251501,01-15-2025,04:50 AM,N/A,103.138.120.138,0,0,0,0,0,0,0,0,0,NO,Inactive,B. LITE
B. Lite,Test yunus,P01251401,01-14-2025,11:37 PM,Bangladesh (BD),103.138.120.137,0,0,0,0,0,0,0,0,0,YES,Active,B. LITE
B. Lite,Rinah Gates Kirby Rich,P01251206,01-12-2025,11:09 PM,Bangladesh (BD),103.112.54.242,0,0,0,0,0,0,0,0,0,NO,Active,B. LITE
B. Lite,Raphael Neal Alexandra Sparks,P01251205,01-12-2025,11:07 PM,Bangladesh (BD),103.112.54.242,0,0,0,0,0,0,0,0,0,NO,Inactive,B. LITE
B. Lite,Dylan Lewis Amy Leblanc,P01251204,01-12-2025,11:01 PM,Bangladesh (BD),103.112.54.242,0,0,0,0,0,0,0,0,0,NO,Active,B. LITE
B. Lite,Brianna Spencer Derek Kennedy,P01251203,01-12-2025,11:01 PM,Bangladesh (BD),103.112.54.242,0,0,0,0,0,0,0,0,0,NO,Active,B. LITE
B. Lite,Test Mohamed,P01250801,01-08-2025,06:30 AM,Egypt (EG),41.38.72.45,0,0,0,0,0,0,0,0,0,NO,Inactive,B. LITE
B. Lite,TestTauhid test,P12240902,12-09-2024,06:00 AM,Bangladesh (BD),103.138.120.137,0,0,0,0,0,0,0,0,1,YES,Active,B. LITE
B. Lite,TestTauhid test,P12240801,12-08-2024,12:08 AM,Bangladesh (BD),103.138.120.137,0,0,0,0,0,0,0,0,0,NO,Inactive,B. LITE
B. Lite,TestTauhid test,P12240702,12-07-2024,10:39 PM,Bangladesh (BD),103.138.120.137,0,0,0,0,0,0,0,0,0,NO,Inactive,B. LITE
B. Lite,Business Pro,P12240203,12-02-2024,10:17 PM,Bangladesh (BD),103.138.120.138,0,0,0,0,0,0,0,0,0,NO,Active,B. LITE
B. Lite,Test Card,P12240102,12-01-2024,10:46 PM,Bangladesh (BD),103.138.120.138,0,0,0,0,0,0,0,0,0,NO,Active,B. LITE
B. Lite,TestTauhid test,P11242301,11-23-2024,12:38 AM,Bangladesh (BD),103.138.120.137,0,0,0,0,0,0,0,0,1,YES,Active,B. LITE
B. Lite,Test Ahmed,P11241801,11-18-2024,10:54 PM,Bangladesh (BD),103.138.120.138,0,0,0,0,0,0,0,0,0,NO,Active,B. LITE
B. Lite,Test Khaled,P10243002,10-30-2024,04:05 AM,Egypt (EG),41.38.72.45,0,0,0,0,0,0,0,0,0,YES,Active,B. LITE
B. Lite,Mice Ulker,P10243001,10-30-2024,04:01 AM,Egypt (EG),41.38.72.45,0,0,0,0,0,0,0,0,0,NO,Deactivated,B. LITE
B. Lite,TestTauhid test log,P10242403,10-24-2024,07:32 AM,Bangladesh (BD),103.239.252.31,0,0,0,0,0,0,0,0,0,NO,Active,B. LITE
B. Lite,Test Log Profile Company,P10242401,10-24-2024,05:22 AM,Bangladesh (BD),202.134.11.238,0,1,4,1,0,0,0,3,5,YES,Active,B. LITE
B. Lite,Tasfir Hossain Suman,P09242301,09-23-2024,02:25 AM,Bangladesh (BD),103.138.120.138,0,0,0,0,0,0,0,0,0,NO,Inactive,B. LITE
B. Lite,TestTauhid test KYC,P09241701,09-17-2024,01:16 AM,Bangladesh (BD),103.138.120.137,0,1,0,0,0,0,0,0,1,YES,Active,B. LITE
B. Lite,TEST M TEST,P09241001,09-10-2024,12:32 AM,Bangladesh (BD),103.138.120.137,0,0,0,0,0,0,0,0,1,YES,Active,B. LITE
B. Lite,Test Asif Khan,P09240906,09-09-2024,02:32 AM,Bangladesh (BD),103.138.120.137,0,0,0,0,0,0,0,0,0,NO,Inactive,B. LITE
B. Lite,Test Asif Khan,P09240905,09-09-2024,02:30 AM,Bangladesh (BD),103.138.120.137,0,0,0,0,0,0,0,0,0,NO,Inactive,B. LITE
B. Lite,TestTauhid test,P09240805,09-08-2024,05:27 AM,Bangladesh (BD),103.138.120.137,0,0,0,0,0,0,0,0,0,NO,Inactive,B. LITE
B. Lite,TestBro test,P09240804,09-08-2024,05:26 AM,Bangladesh (BD),103.138.120.137,0,0,0,0,0,0,0,0,0,NO,Inactive,B. LITE
B. Lite,Test BD Test,P08242501,08-25-2024,12:37 AM,Bangladesh (BD),103.138.120.137,0,0,0,1,0,0,0,0,1,NO,Active,B. LITE
B. Lite,Test Nahid,PP01234423,08-10-2024,06:01 AM,Bangladesh (BD),103.138.120.138,0,0,0,1,0,0,0,1,3,YES,Active,B. LITE
B. Lite,Tanvir Ahammad Chy,P07242701,07-27-2024,01:30 AM,Bangladesh (BD),103.138.120.137,0,0,0,0,0,0,0,4,4,YES,Active,B. LITE
B. Lite,TestTauhid test Basic,P07241003,07-10-2024,11:12 PM,Bangladesh (BD),103.138.120.137,0,0,0,0,0,0,0,1,1,NO,Canceled,B. LITE
B. Lite,Test Yunus Personal,P07241002,07-10-2024,07:57 AM,Bangladesh (BD),103.138.120.137,0,0,0,0,0,0,0,0,1,NO,Active,B. LITE
B. Lite,Test Tauhid Free,P07241001,07-10-2024,06:45 AM,Bangladesh (BD),103.138.120.137,0,0,0,0,0,0,0,1,1,YES,Active,B. LITE
B. Lite,Test Free TAUHID Free,P07240802,07-08-2024,05:13 AM,Bangladesh (BD),103.138.120.137,0,0,20,1,0,0,0,1,1,YES,Active,B. LITE
B. Lite,TestTauhid test Free,P07240702,07-07-2024,06:52 AM,Bangladesh (BD),103.138.120.137,0,0,3,0,0,0,0,1,1,NO,Active,B. LITE
B. Lite,Test Yunus Little,P07240303,07-03-2024,05:18 AM,Bangladesh (BD),103.138.120.137,0,0,0,0,0,0,0,1,1,NO,Active,B. LITE
B. Lite,Test yunus Mathis,P07240302,07-03-2024,05:13 AM,Bangladesh (BD),103.138.120.137,0,0,0,0,0,0,0,1,1,NO,Active,B. LITE
B. Lite,Test Yunus Berry,P07240205,07-02-2024,05:02 AM,Bangladesh (BD),103.138.120.137,0,0,0,0,0,0,0,2,2,NO,Active,B. LITE
B. Lite,Test yunus Sellers,P07240204,07-02-2024,04:43 AM,Bangladesh (BD),103.138.120.137,0,0,0,0,0,0,0,0,1,NO,Active,B. LITE
B. Lite,TestTauhid Free,P07240203,07-02-2024,03:49 AM,Bangladesh (BD),103.138.120.137,0,0,0,0,0,0,0,2,2,NO,Active,B. LITE
B. Lite,Test Yunus Patton,P07240202,07-02-2024,03:44 AM,Bangladesh (BD),103.138.120.137,0,0,0,0,0,0,0,0,1,NO,Active,B. LITE
B. Lite,Test Shariful,P07240201,07-02-2024,02:50 AM,Bangladesh (BD),103.138.120.138,0,0,0,0,0,0,0,2,3,NO,Active,B. LITE
B. Lite,Test Yunus Clemons,P07240106,07-01-2024,02:19 AM,N/A,103.138.120.137,0,0,0,0,0,0,0,0,1,NO,Active,B. LITE
B. Lite,Test Yunus Webb,P07240102,07-01-2024,01:18 AM,N/A,103.138.120.137,0,1,0,0,0,0,0,0,0,NO,Active,B. LITE
B. Lite,Test Tauhid Company Lite,P06242702,06-27-2024,12:10 AM,N/A,103.138.120.137,0,0,0,0,0,0,0,0,1,NO,Active,B. LITE
B. Lite,Test Tauhid Company Free,P06242701,06-27-2024,12:03 AM,N/A,103.138.120.137,0,0,10,0,0,0,0,0,1,NO,Active,B. LITE
B. Lite,TestTauhid test,P06241203,06-12-2024,01:23 AM,N/A,147.135.77.241,0,0,1,1,0,0,0,0,1,NO,Active,B. LITE
B. Lite,TestTauhid test,P06241202,06-12-2024,01:21 AM,N/A,103.138.120.137,0,0,0,0,0,0,0,0,0,NO,Active,B. LITE
B. Lite,Test Tauhid Free,P06241104,06-11-2024,05:49 AM,N/A,103.138.120.137,0,0,0,0,0,0,0,0,1,NO,Active,B. LITE
B. Lite,Test BLite,P06241103,06-11-2024,05:31 AM,N/A,103.138.120.137,0,0,0,0,0,0,0,0,0,NO,Active,B. LITE
B. Lite,Test Personal Yunus,P06241101,06-11-2024,12:53 AM,N/A,103.138.120.137,0,0,0,1,0,0,0,19,21,NO,Active,B. LITE
B. Lite,Test Free Yunus,P06240803,06-08-2024,04:51 AM,N/A,N/A,0,0,0,1,0,0,0,0,3,NO,Active,B. LITE
B. Lite,Test sirony,P06240801,06-08-2024,01:46 AM,N/A,N/A,0,0,0,0,0,0,0,0,1,NO,Active,B. LITE
B. Lite,test TestTauhid,P06240210,06-02-2024,11:37 PM,N/A,N/A,0,0,0,0,0,0,0,0,4,NO,Active,B. LITE
B. Lite,TestTauhid test,P06240209,06-02-2024,10:47 PM,N/A,N/A,0,0,0,0,0,0,0,0,1,NO,Active,B. LITE
B. Lite,TestTauhid test,P06240207,06-02-2024,07:19 AM,N/A,N/A,0,0,0,0,0,0,0,0,3,YES,Active,B. LITE
B. Lite,Test tauhid,P06240206,06-02-2024,05:54 AM,N/A,N/A,0,0,0,0,0,0,0,0,1,NO,Active,B. LITE
B. Lite,Test Company Personal Tauhid,P06240201,06-02-2024,03:51 AM,N/A,N/A,0,0,0,0,0,0,0,0,1,NO,Active,B. LITE
B. Lite,Test Yunus doe,P05242802,05-28-2024,06:46 AM,N/A,N/A,0,0,0,0,0,0,0,0,2,NO,Active,B. LITE
B. Lite,Test Lite,P05242801,05-28-2024,05:31 AM,N/A,N/A,0,0,0,0,0,0,0,0,0,NO,Active,B. LITE
B. Lite,Test Yunus Pro,P05242309,05-23-2024,04:34 AM,N/A,N/A,0,0,0,1,0,0,0,0,1,NO,Active,B. LITE
B. Lite,Test Yunus Basic,P05242308,05-23-2024,04:16 AM,N/A,N/A,0,0,0,0,0,0,0,0,1,NO,Active,B. LITE
B. Lite,Test Yunus two,P05242307,05-23-2024,04:10 AM,N/A,N/A,0,0,0,0,0,0,0,0,1,NO,Active,B. LITE
B. Lite,test Yunus seventeen,P05242306,05-23-2024,04:06 AM,N/A,N/A,0,0,0,0,0,0,0,0,1,NO,Active,B. LITE
B. Lite,TestBro IslamBD,P01242903,01-29-2024,10:12 PM,N/A,N/A,3,0,0,2,0,0,0,0,1,NO,Active,B. LITE
B. Basic,TestTauhid test,P01252301,01-23-2025,12:37 AM,Bangladesh (BD),103.138.120.137,0,0,0,0,0,0,0,0,3,YES,Active,B. BASIC
B. Basic,Test Yunus Plan Up Down,P01251201,01-12-2025,10:32 PM,Bangladesh (BD),103.112.54.242,0,0,0,0,0,0,0,0,4,YES,Active,B. BASIC
B. Basic,Test Nahid,P12242902,12-29-2024,02:06 AM,Bangladesh (BD),103.138.120.138,0,0,0,0,0,0,0,0,0,YES,Active,B. BASIC
B. Basic,Test Nahid,P12242901,12-29-2024,02:05 AM,Bangladesh (BD),103.138.120.138,0,1,0,0,0,0,0,0,3,YES,Active,B. BASIC
B. Basic,Test Yunus Doe,P12242601,12-26-2024,03:57 AM,Bangladesh (BD),103.138.120.137,0,0,0,0,0,0,0,0,1,YES,Active,B. BASIC
B. Basic,Test Test login log,P12240701,12-07-2024,10:12 PM,Bangladesh (BD),103.138.120.137,0,0,0,0,0,0,0,0,0,NO,Inactive,B. BASIC
B. Basic,Test Profile Test update Tauhid,P12240204,12-02-2024,10:27 PM,Bangladesh (BD),103.138.120.137,0,0,0,0,0,0,0,0,2,YES,Active,B. BASIC
B. Basic,TestTauhid test Nahid,P12240201,12-02-2024,03:54 AM,Bangladesh (BD),103.138.120.137,0,0,0,0,0,0,0,0,0,YES,Active,B. BASIC
B. Basic,Test Nahid,P12240101,12-01-2024,01:09 AM,Bangladesh (BD),103.138.120.138,0,0,0,0,0,0,0,0,1,YES,Active,B. BASIC
B. Basic,Test yunus Gil Cruz,P11242303,11-23-2024,05:39 AM,Bangladesh (BD),103.138.120.137,0,0,0,0,0,0,0,0,0,YES,Active,B. BASIC
B. Basic,TestTauhid test CSRF,P11242302,11-23-2024,12:50 AM,Bangladesh (BD),103.138.120.137,0,0,0,0,0,0,0,0,3,YES,Active,B. BASIC
B. Basic,Test email Yunus,P11241202,11-12-2024,03:30 AM,Bangladesh (BD),103.218.26.122,0,0,0,0,0,0,0,0,0,YES,Active,B. BASIC
B. Basic,TestTauhid test CSRF,P10242803,10-28-2024,01:38 AM,Bangladesh (BD),103.138.120.137,0,0,0,0,0,0,0,0,0,NO,Active,B. BASIC
B. Basic,TestTauhid CSRF,P10242701,10-27-2024,11:32 PM,Bangladesh (BD),103.138.120.137,0,0,0,0,0,0,0,0,3,YES,Active,B. BASIC
B. Basic,TestTauhid companyServer Error,P10241702,10-17-2024,02:22 AM,Bangladesh (BD),103.138.120.137,0,0,0,0,0,0,0,0,2,YES,Active,B. BASIC
B. Basic,TestTauhid test permission,P10240204,10-02-2024,11:07 PM,Bangladesh (BD),103.138.120.137,0,0,0,0,0,0,0,0,0,YES,Active,B. BASIC
B. Basic,TestTauhid Log third time,P10240203,10-02-2024,03:37 AM,Bangladesh (BD),103.138.120.137,0,0,0,0,0,0,0,1,1,YES,Active,B. BASIC
B. Basic,TestTauhid Log,P10240202,10-02-2024,02:52 AM,Bangladesh (BD),103.138.120.137,0,0,0,0,0,0,0,0,0,NO,Active,B. BASIC
B. Basic,Test log Tauhid,P10240201,10-02-2024,01:43 AM,Bangladesh (BD),103.138.120.137,0,0,0,0,0,0,0,0,0,NO,Active,B. BASIC
B. Basic,test tauhid CSRF,P09243001,09-30-2024,01:35 AM,Bangladesh (BD),103.138.120.137,0,0,0,0,0,0,0,0,1,YES,Active,B. BASIC
B. Basic,TestTauhid Test upload,P09242501,09-25-2024,01:33 AM,Bangladesh (BD),103.138.120.137,0,0,0,0,0,0,0,0,0,YES,Active,B. BASIC
B. Basic,Test Tauhid CSRF,P09242401,09-24-2024,12:20 AM,Bangladesh (BD),103.138.120.137,0,0,0,0,0,0,0,0,1,YES,Active,B. BASIC
B. Basic,Test DataUpload,P09242102,09-21-2024,11:53 PM,Bangladesh (BD),103.138.120.137,0,0,0,1,0,0,0,1,1,YES,Active,B. BASIC
B. Basic,test tauhid test test,P09241601,09-16-2024,04:17 AM,Bangladesh (BD),103.138.120.137,0,0,0,0,0,0,0,0,0,NO,Active,B. BASIC
B. Basic,Test Ahmed Basic,P09241202,09-12-2024,04:59 AM,Bangladesh (BD),103.138.120.138,0,0,0,0,0,0,0,0,0,YES,Active,B. BASIC
B. Basic,Test Test,P09241201,09-12-2024,02:49 AM,Bangladesh (BD),103.138.120.137,0,0,0,0,0,0,0,0,1,NO,Active,B. BASIC
B. Basic,Test Tanvir Asif,P09241004,09-10-2024,11:24 PM,Bangladesh (BD),103.138.120.137,0,0,0,0,0,0,0,0,1,YES,Active,B. BASIC
B. Basic,TestTauhid test,P09241003,09-10-2024,03:43 AM,Bangladesh (BD),202.134.10.130,0,0,0,0,0,0,0,0,3,YES,Active,B. BASIC
B. Basic,Test test vendor,P09240914,09-09-2024,11:42 PM,Bangladesh (BD),103.138.120.138,0,0,0,0,0,0,0,0,0,YES,Active,B. BASIC
B. Basic,Test vendor,P09240913,09-09-2024,11:38 PM,Bangladesh (BD),103.138.120.138,0,0,0,0,0,0,0,0,0,NO,Inactive,B. BASIC
B. Basic,Test vendor,P09240912,09-09-2024,11:35 PM,Bangladesh (BD),103.138.120.138,0,0,0,0,0,0,0,0,0,NO,Inactive,B. BASIC
B. Basic,TestBro test,P09240908,09-09-2024,06:28 AM,Bangladesh (BD),103.138.120.137,0,0,0,0,0,0,0,0,0,NO,Inactive,B. BASIC
B. Basic,TEst shariful,P09240902,09-09-2024,02:13 AM,Bangladesh (BD),103.138.120.138,0,0,0,0,0,0,0,0,0,NO,Active,B. BASIC
B. Basic,TestTauhid Al Mamun,P09240801,09-08-2024,05:04 AM,Bangladesh (BD),103.138.120.137,0,0,0,0,0,0,0,0,0,NO,Inactive,B. BASIC
B. Basic,Test Al Mamun,P09240502,09-05-2024,03:12 AM,Bangladesh (BD),103.138.120.137,0,0,0,0,0,0,0,0,0,NO,Inactive,B. BASIC
B. Basic,Test Al Mamun,P09240501,09-05-2024,03:12 AM,Bangladesh (BD),103.138.120.137,0,0,0,0,0,0,0,0,0,NO,Inactive,B. BASIC
B. Basic,Test Yunus,P08242602,08-26-2024,03:30 AM,Bangladesh (BD),103.138.120.137,0,1,0,0,0,0,0,0,2,YES,Active,B. BASIC
B. Basic,Test Ahmed,P08240701,08-07-2024,05:13 AM,Bangladesh (BD),103.138.120.137,0,0,0,0,0,0,0,0,0,NO,Active,B. BASIC
B. Basic,TestTauhid Test Basic,P07241101,07-11-2024,01:15 AM,Bangladesh (BD),103.138.120.137,0,1,1,0,0,0,0,3,3,NO,Active,B. BASIC
B. Basic,TEST Tauhid Basic,P07240803,07-08-2024,05:46 AM,Bangladesh (BD),103.138.120.137,0,3,50,0,0,0,0,0,3,NO,Active,B. BASIC
B. Basic,TestTauhid test Basic,P07240701,07-07-2024,12:34 AM,Bangladesh (BD),103.138.120.137,0,3,0,0,0,0,0,3,3,YES,Active,B. BASIC
B. Basic,Test Yunus Franklin,P07240304,07-03-2024,05:21 AM,Bangladesh (BD),103.138.120.137,0,0,0,0,0,0,0,3,3,NO,Active,B. BASIC
B. Basic,TestTauhid test Basic,P07240206,07-02-2024,07:24 AM,United States (US),147.135.77.102,0,0,0,0,0,0,0,1,2,NO,Active,B. BASIC
B. Basic,Test Yunus Glenn,P07240107,07-01-2024,02:20 AM,N/A,103.138.120.137,0,0,0,0,0,0,0,0,0,NO,Active,B. BASIC
B. Basic,Test Yunus Luna,P07240103,07-01-2024,01:19 AM,N/A,103.138.120.137,0,0,0,0,0,0,0,1,1,NO,Active,B. BASIC
B. Basic,Test Shariful,P06242901,06-29-2024,11:49 PM,N/A,103.138.120.138,0,0,0,0,0,0,0,0,3,NO,Active,B. BASIC
B. Basic,Test Tauhid Company Basic Two,P06242707,06-27-2024,02:06 AM,N/A,103.138.120.137,0,0,0,0,0,0,0,0,3,NO,Active,B. BASIC
B. Basic,Test Tauhid Company Basic,P06242703,06-27-2024,12:36 AM,N/A,103.138.120.137,0,0,0,0,0,0,0,3,6,NO,Active,B. BASIC
B. Basic,QA Auth Tauhid,P06241003,06-10-2024,11:12 PM,N/A,103.239.252.31,0,0,0,0,0,0,0,1,1,NO,Active,B. BASIC
B. Basic,Tanvir Ahammad Chy,P06241002,06-10-2024,10:51 PM,N/A,103.138.120.137,0,0,0,0,0,0,0,4,4,NO,Active,B. BASIC
B. Basic,Test Yunus Business Basic,P06240303,06-03-2024,04:42 AM,N/A,N/A,0,0,0,0,0,0,0,0,0,NO,Active,B. BASIC
B. Basic,Test TestTauhid,P06240211,06-02-2024,11:44 PM,N/A,N/A,0,0,0,0,0,0,0,0,0,NO,Active,B. BASIC
B. Basic,TEst Shariful,P06240101,06-01-2024,03:38 AM,N/A,N/A,0,0,0,0,0,0,0,0,0,NO,Active,B. BASIC
B. Basic,dsfs asdfaa,P05242803,05-28-2024,10:40 PM,N/A,N/A,0,31,0,0,0,0,0,0,0,NO,Inactive,B. BASIC
B. Basic,SI Rony,P05242702,05-27-2024,05:34 AM,N/A,N/A,0,0,0,0,0,0,0,0,0,NO,Active,B. BASIC
B. Basic,TestTauhid test,P05241904,05-19-2024,12:45 AM,N/A,N/A,0,0,0,0,0,0,0,0,0,NO,Active,B. BASIC
B. Basic,Test Yunus eleven,P05240203,05-02-2024,07:51 AM,N/A,N/A,0,0,1,0,0,0,0,0,1,NO,Active,B. BASIC
B. Basic,test emailQA,P03241901,03-19-2024,04:19 AM,N/A,N/A,0,0,0,0,0,0,0,0,0,NO,Deactivated,B. BASIC
B. Basic,Test Yunus Doe,P02242502,02-25-2024,10:42 PM,N/A,N/A,0,0,0,0,0,0,0,0,1,NO,Hold,B. BASIC
B. Basic,Test PTM,P01240401,01-04-2024,01:06 AM,N/A,N/A,0,0,0,0,0,0,0,0,0,NO,Active,B. BASIC
B. Basic,Test Rifat,P12232107,12-21-2023,06:56 AM,N/A,N/A,0,0,0,0,0,0,0,0,0,NO,Active,B. BASIC
B. Pro,TestTauhid test,P02251901,02-19-2025,06:43 AM,Bangladesh (BD),103.138.120.137,0,0,0,0,0,0,0,1,2,YES,Active,B. PRO
B. Pro,Business Pro,P02251001,02-10-2025,10:57 PM,Bangladesh (BD),103.138.120.138,0,13,0,0,0,0,0,0,1,YES,Active,B. PRO
B. Pro,Test Company Test Input,P01251301,01-13-2025,11:12 PM,Bangladesh (BD),103.138.120.25,0,0,0,0,0,0,0,0,2,YES,Active,B. PRO
B. Pro,Test Yunus,P12242602,12-26-2024,04:15 AM,Bangladesh (BD),103.138.120.137,0,2,0,0,0,0,0,0,2,YES,Active,B. PRO
B. Pro,Test profile tauhid Test log,P12240302,12-03-2024,11:49 PM,Bangladesh (BD),103.138.120.137,0,4,0,2,0,0,0,9,9,YES,Active,B. PRO
B. Pro,Test Yusus Business Pro,P12240301,12-03-2024,04:30 AM,Bangladesh (BD),103.138.120.137,0,0,0,0,0,0,0,0,0,NO,Active,B. PRO
B. Pro,Test Backend Bill check,P12240202,12-02-2024,04:09 AM,Bangladesh (BD),103.138.120.137,0,0,0,0,0,0,0,0,0,NO,Active,B. PRO
B. Pro,Test Yunus change plan,P11242701,11-27-2024,01:24 AM,Bangladesh (BD),103.138.120.137,0,0,0,0,0,0,0,1,5,YES,Active,B. PRO
B. Pro,Test Tanvir Ahammad Chy,P11242402,11-24-2024,03:53 AM,Bangladesh (BD),103.138.120.137,0,0,0,0,0,0,0,2,11,YES,Active,B. PRO
B. Pro,TestTauhid test CSRF,P11242401,11-24-2024,01:02 AM,Bangladesh (BD),103.138.120.137,0,0,0,0,0,0,0,3,3,YES,Active,B. PRO
B. Pro,test tauhid after separate domain,P11241902,11-19-2024,10:22 PM,Bangladesh (BD),103.138.120.137,0,0,0,0,0,0,0,0,0,YES,Active,B. PRO
B. Pro,Test Ahmed From Accounts,P11241901,11-19-2024,06:40 AM,Bangladesh (BD),103.138.120.138,0,0,0,0,0,0,0,0,0,NO,Inactive,B. PRO
B. Pro,Test Mohamed,P11241703,11-17-2024,02:30 AM,Egypt (EG),41.38.72.45,0,0,0,0,0,0,0,0,1,YES,Active,B. PRO
B. Pro,Maite Valentine,P11241702,11-17-2024,02:28 AM,Egypt (EG),41.38.72.45,0,0,0,0,0,0,0,0,0,NO,Inactive,B. PRO
B. Pro,Test Mohamed,P11241701,11-17-2024,02:15 AM,Egypt (EG),41.38.72.45,0,4,0,0,0,0,0,3,3,YES,Active,B. PRO
B. Pro,Test Yunus,P11241401,11-14-2024,03:26 AM,Bangladesh (BD),103.138.120.137,0,0,0,0,0,0,0,0,0,NO,Inactive,B. PRO
B. Pro,Test Yunus,P11241301,11-13-2024,06:59 AM,Bangladesh (BD),103.138.120.137,0,0,0,0,0,0,0,0,6,YES,Active,B. PRO
B. Pro,TestTauhid test CSRF,P11241203,11-12-2024,03:56 AM,Bangladesh (BD),103.138.120.137,0,0,0,0,0,0,0,0,2,YES,Active,B. PRO
B. Pro,Anastasia Carter,P11241201,11-12-2024,01:50 AM,Egypt (EG),41.38.72.45,0,0,0,0,0,0,0,0,0,NO,Inactive,B. PRO
B. Pro,Team Test,P10242802,10-28-2024,01:30 AM,Bangladesh (BD),103.138.120.138,0,0,0,0,0,0,0,0,1,YES,Active,B. PRO
B. Pro,Test Nahid,P10242801,10-28-2024,01:18 AM,Bangladesh (BD),103.138.120.138,0,0,0,0,0,0,0,0,0,NO,Active,B. PRO
B. Pro,Tasfir Suman,P10242402,10-24-2024,06:36 AM,Bangladesh (BD),103.138.120.138,0,0,0,0,0,0,0,0,0,NO,Active,B. PRO
B. Pro,Tasfir Hossain Suman,P10241501,10-15-2024,12:12 AM,Bangladesh (BD),103.138.120.137,0,7,0,0,0,0,0,0,1,YES,Active,B. PRO
B. Pro,Test Proof Of Address,P10241302,10-13-2024,02:43 AM,Bangladesh (BD),103.138.120.138,0,0,0,0,0,0,0,0,0,YES,Active,B. PRO
B. Pro,Test Yunus Business Lite,P10241301,10-13-2024,12:29 AM,Bangladesh (BD),103.138.120.137,0,6,1,5,0,0,0,1,6,YES,Active,B. PRO
B. Pro,Test IT team,P10240901,10-09-2024,05:13 AM,Bangladesh (BD),103.138.120.138,0,0,0,0,0,0,0,0,0,YES,Active,B. PRO
B. Pro,Asif Khan,P09242101,09-21-2024,12:50 PM,Bangladesh (BD),113.21.229.114,0,0,0,0,0,0,0,0,0,NO,Active,B. PRO
B. Pro,TestTauhid hello world limit checki test CSRF hello world limit checkin,P09241602,09-16-2024,05:30 AM,Bangladesh (BD),103.138.120.137,0,4,0,2,0,0,0,10,10,YES,Active,B. PRO
B. Pro,Business Pro,P09241002,09-10-2024,01:04 AM,Bangladesh (BD),103.138.120.138,0,0,0,0,0,0,0,0,0,YES,Active,B. PRO
B. Pro,Tasfirs Sumans,P09240911,09-09-2024,07:33 AM,Bangladesh (BD),103.138.120.137,0,0,0,0,0,0,0,0,0,NO,Inactive,B. PRO
B. Pro,Tasfir Suman,P09240910,09-09-2024,07:30 AM,Bangladesh (BD),103.138.120.137,0,0,0,0,0,0,0,0,0,NO,Inactive,B. PRO
B. Pro,Tasfir Suman,P09240909,09-09-2024,07:27 AM,Bangladesh (BD),103.138.120.137,0,0,0,0,0,0,0,0,0,NO,Inactive,B. PRO
B. Pro,Test Shariful,P09240907,09-09-2024,03:01 AM,Bangladesh (BD),103.138.120.138,0,0,0,0,0,0,0,0,0,NO,Active,B. PRO
B. Pro,Test Tanvir Ahmed,P09240904,09-09-2024,02:27 AM,Bangladesh (BD),103.138.120.137,0,0,0,0,0,0,0,0,0,NO,Inactive,B. PRO
B. Pro,Test Tanvir Ahmed,P09240903,09-09-2024,02:26 AM,Bangladesh (BD),103.138.120.137,0,0,0,0,0,0,0,0,0,NO,Inactive,B. PRO
B. Pro,Test Sha,P09240901,09-09-2024,02:05 AM,Bangladesh (BD),103.138.120.138,0,0,0,0,0,0,0,0,0,NO,Active,B. PRO
B. Pro,TestBro Hhhh,P09240803,09-08-2024,05:15 AM,Bangladesh (BD),103.138.120.137,0,0,0,0,0,0,0,0,0,NO,Inactive,B. PRO
B. Pro,TestBro Hhhh,P09240802,09-08-2024,05:09 AM,Bangladesh (BD),103.138.120.137,0,0,0,0,0,0,0,0,0,NO,Inactive,B. PRO
B. Pro,Test Asif Khan,P08242201,08-22-2024,05:03 AM,Bangladesh (BD),103.138.120.137,0,0,0,0,0,0,0,0,1,NO,Active,B. PRO
B. Pro,Test Kidd,P08241001,08-10-2024,04:25 AM,Bangladesh (BD),103.138.120.137,1,0,0,0,0,0,0,0,0,NO,Active,B. PRO
B. Pro,Test y Vega,P08240901,08-09-2024,01:04 AM,Bangladesh (BD),103.138.120.137,0,0,0,0,0,0,0,0,0,NO,Active,B. PRO
B. Pro,Test Yunus Pro,P08240801,08-08-2024,02:36 AM,Bangladesh (BD),103.138.120.137,8,3,0,0,0,0,0,0,1,NO,Active,B. PRO
B. Pro,Test Yunus,P08240101,08-01-2024,02:04 AM,Bangladesh (BD),103.239.252.31,0,1,1,1,0,0,0,0,0,NO,Active,B. PRO
B. Pro,Test Yunus Info,P07242902,07-29-2024,05:43 AM,United States (US),5.8.24.232,0,0,0,0,0,0,0,0,1,NO,Active,B. PRO
B. Pro,Test Shariful Pro,P07242901,07-29-2024,01:49 AM,Bangladesh (BD),104.28.208.84,0,0,0,0,0,0,0,0,2,NO,Active,B. PRO
B. Pro,Tanvir Ahammad Pro,P07242703,07-27-2024,11:47 PM,Bangladesh (BD),103.138.120.137,0,0,0,0,0,0,0,0,0,NO,Active,B. PRO
B. Pro,test test,P07242602,07-26-2024,05:55 AM,Bangladesh (BD),103.239.252.31,0,0,0,0,0,0,0,0,0,NO,Inactive,B. PRO
B. Pro,Test Yunus log,P07242601,07-26-2024,01:50 AM,Bangladesh (BD),103.138.120.137,0,0,0,1,0,0,0,0,1,NO,Active,B. PRO
B. Pro,TestTauhid test pro,P07241402,07-14-2024,04:50 AM,Bangladesh (BD),103.138.120.137,0,0,0,0,0,0,0,1,3,YES,Active,B. PRO
B. Pro,Test Yunus Battle,P07241401,07-14-2024,02:15 AM,Bangladesh (BD),103.138.120.137,0,0,0,0,0,0,0,0,1,NO,Canceled,B. PRO
B. Pro,TestTauhid test Pro,P07240401,07-04-2024,04:28 AM,Bangladesh (BD),103.138.120.137,0,0,0,0,0,0,0,2,2,YES,Active,B. PRO
B. Pro,Test Yunus Carroll,P07240305,07-03-2024,05:41 AM,Bangladesh (BD),103.138.120.137,0,0,0,0,0,0,0,4,4,NO,Hold,B. PRO
B. Pro,Test Yunus Mullins,P07240301,07-03-2024,12:30 AM,Bangladesh (BD),103.138.120.137,0,0,0,2,0,0,0,1,4,NO,Active,B. PRO
B. Pro,TEST MIKE PRO,P07240109,07-01-2024,05:43 AM,N/A,154.177.55.70,0,0,0,0,0,0,0,0,1,NO,Active,B. PRO
B. Pro,Test Yunus Meyers,P07240108,07-01-2024,02:59 AM,N/A,103.239.252.31,0,0,0,0,0,0,0,1,1,NO,Active,B. PRO
B. Pro,Test Shariful,P06243001,06-30-2024,12:36 AM,N/A,103.138.120.138,0,0,0,0,0,0,0,0,4,NO,Active,B. PRO
B. Pro,Test Tauhid Company Pro two,P06242706,06-27-2024,01:59 AM,N/A,103.138.120.137,0,0,0,0,0,0,0,2,4,NO,Active,B. PRO
B. Pro,Lab Artisan Ltd,P06242705,06-27-2024,01:32 AM,N/A,103.138.120.137,0,0,0,0,0,0,0,0,0,NO,Active,B. PRO
B. Pro,Test Tauhid Company Pro,P06242704,06-27-2024,01:29 AM,N/A,103.138.120.137,0,0,0,0,0,0,0,1,1,NO,Active,B. PRO
B. Pro,Test data Tauhid,P06241102,06-11-2024,01:17 AM,N/A,103.138.120.137,0,17,0,0,0,0,0,9,10,NO,Active,B. PRO
B. Pro,Test BPro Yunus,P06240804,06-08-2024,04:53 AM,N/A,N/A,0,0,0,0,0,0,0,0,2,NO,Active,B. PRO
B. Pro,Test Test tauhid,P06240304,06-03-2024,05:30 AM,N/A,N/A,0,0,0,0,0,0,0,0,13,NO,Active,B. PRO
B. Pro,TestTauhid test,P06240208,06-02-2024,08:01 AM,N/A,N/A,0,0,0,1,0,0,0,1,3,NO,Active,B. PRO
B. Pro,Test Yunus B.Pro,P06240203,06-02-2024,04:50 AM,N/A,N/A,0,0,0,0,0,0,0,0,0,NO,Active,B. PRO
B. Pro,Test Tauhid,P06240103,06-01-2024,11:05 PM,N/A,N/A,0,0,0,0,0,0,0,1,5,YES,Active,B. PRO
B. Pro,Test B.Pro Yunus,P06240102,06-01-2024,10:48 PM,N/A,N/A,0,0,0,0,0,0,0,0,1,NO,Active,B. PRO
B. Pro,TestTauhid Test,P05243001,05-30-2024,02:35 AM,N/A,N/A,0,6,0,0,0,0,0,0,6,NO,Active,B. PRO
B. Pro,SI Rony,P05242701,05-27-2024,04:56 AM,N/A,N/A,0,0,0,0,0,0,0,0,0,NO,Active,B. PRO
B. Pro,TestTauhid test,P05241905,05-19-2024,01:16 AM,N/A,N/A,0,0,0,0,0,0,0,0,0,NO,Active,B. PRO
B. Pro,Test Ahmed,P05241301,05-13-2024,06:24 AM,N/A,N/A,0,0,0,0,0,0,0,0,0,NO,Inactive,B. PRO
B. Pro,SI Rony,P05241201,05-12-2024,04:47 AM,N/A,N/A,0,0,1,0,0,0,0,0,2,YES,Active,B. PRO
B. Pro,Test Yunus Nineteen,P05240801,05-08-2024,02:32 AM,N/A,N/A,0,0,0,0,0,0,0,0,1,NO,Active,B. PRO
B. Pro,Test Yunus Pro,P05240702,05-07-2024,07:42 AM,N/A,N/A,0,0,0,0,0,0,0,0,1,NO,Active,B. PRO
B. Pro,fsdf adfasd,P05240204,05-02-2024,07:52 AM,N/A,N/A,0,0,0,2,0,0,0,0,3,YES,Active,B. PRO
B. Pro,TestTauhid QA,P04243002,04-30-2024,06:41 AM,N/A,N/A,0,0,0,0,0,0,0,0,0,NO,Inactive,B. PRO
B. Pro,TestTauhid QA,P04243001,04-30-2024,06:41 AM,N/A,N/A,0,9,0,0,0,0,0,0,0,NO,Inactive,B. PRO
B. Pro,TestTauhid test,P04242911,04-29-2024,07:29 AM,N/A,N/A,0,0,0,0,0,0,0,0,0,NO,Inactive,B. PRO
B. Pro,TestTauhid test,P04242910,04-29-2024,07:29 AM,N/A,N/A,0,0,0,0,0,0,0,0,0,NO,Inactive,B. PRO
B. Pro,TestData Accout,P04242909,04-29-2024,07:02 AM,N/A,N/A,0,0,0,0,0,0,0,0,0,NO,Inactive,B. PRO
B. Pro,TestData Accout,P04242908,04-29-2024,07:02 AM,N/A,N/A,0,0,0,0,0,0,0,0,0,NO,Inactive,B. PRO
B. Pro,Tasfir Hossain Suman,P04242907,04-29-2024,06:36 AM,N/A,N/A,0,0,0,0,0,0,0,0,0,NO,Inactive,B. PRO
B. Pro,Tasfir Hossain Suman,P04242906,04-29-2024,06:36 AM,N/A,N/A,0,0,0,0,0,0,0,0,0,NO,Inactive,B. PRO
B. Pro,Tasfir Hossain Suman,P04242905,04-29-2024,06:35 AM,N/A,N/A,0,1,0,0,0,0,0,0,0,NO,Inactive,B. PRO
B. Pro,Test QA TestTauhid,P04242904,04-29-2024,04:37 AM,N/A,N/A,0,0,0,0,0,0,0,0,0,NO,Inactive,B. PRO
B. Pro,Test QA TestTauhid,P04242903,04-29-2024,04:20 AM,N/A,N/A,0,0,0,0,0,0,0,0,0,NO,Inactive,B. PRO
B. Pro,Test QA TestTauhid,P04242902,04-29-2024,04:20 AM,N/A,N/A,0,0,0,0,0,0,0,0,0,NO,Inactive,B. PRO
B. Pro,Test Yunus QA,P04242801,04-28-2024,06:33 AM,N/A,N/A,0,0,0,0,0,0,0,0,0,NO,Active,B. PRO
B. Pro,Test Monjurul Islam,P04242501,04-25-2024,06:41 AM,N/A,N/A,0,0,0,1,0,0,0,0,1,NO,Active,B. PRO
B. Pro,test yunus doe,P04242201,04-22-2024,04:12 AM,N/A,N/A,0,0,0,2,0,0,0,0,1,NO,Active,B. PRO
B. Pro,Test Yunus account,P03242701,03-27-2024,11:47 PM,N/A,N/A,0,0,0,0,0,0,0,0,2,YES,Active,B. PRO
B. Pro,Test Yunus R,P03241301,03-13-2024,11:05 PM,N/A,N/A,0,0,0,0,0,0,0,0,0,NO,Active,B. PRO
B. Pro,John smith,P02242201,02-22-2024,03:09 AM,N/A,N/A,0,7,0,0,0,0,0,0,0,NO,Hold,B. PRO
B. Pro,test doe,P02241401,02-14-2024,05:05 AM,N/A,N/A,0,2,0,0,0,0,0,0,0,NO,Active,B. PRO
B. Pro,Test Shafiqul Islam,P01243001,01-30-2024,12:47 AM,N/A,N/A,0,0,0,0,0,0,0,0,0,NO,Active,B. PRO
B. Pro,Test Real Mail Yunus,P01242904,01-29-2024,11:44 PM,N/A,N/A,4,73,0,1,0,0,0,0,4,NO,Active,B. PRO
B. Pro,Test TestEmailBD,P01242901,01-29-2024,03:17 AM,N/A,N/A,12,20,0,0,0,0,0,0,7,YES,Active,B. PRO
B. Pro,Test Tauhid test Islam,P01242101,01-21-2024,05:10 AM,N/A,N/A,113,156,29,13,0,0,0,8,21,YES,Active,B. PRO
B. Pro,Test Ahmed,P01241801,01-18-2024,06:31 AM,N/A,N/A,0,0,0,0,0,0,0,0,0,NO,Active,B. PRO
B. Pro,Test Yunus Doe,P01241601,01-16-2024,03:15 AM,N/A,N/A,9,30,0,0,0,0,0,3,4,YES,Active,B. PRO
B. Pro,Test SII Rony,P01241501,01-15-2024,12:38 AM,N/A,N/A,0,1,0,3,0,0,0,0,1,NO,Active,B. PRO
B. Pro,Test Yunus Nahid,P01240102,01-01-2024,07:10 AM,N/A,N/A,0,0,0,0,0,0,0,0,0,NO,Active,B. PRO
B. Pro,Hoho Why,P12232502,12-25-2023,02:37 PM,N/A,N/A,0,0,0,0,0,0,0,0,0,NO,Active,B. PRO
B. Pro,Design Test,P12232501,12-25-2023,05:49 AM,N/A,N/A,0,0,0,0,0,0,0,0,0,NO,Active,B. PRO
B. Pro,Test suzon,P12232301,12-23-2023,10:36 PM,N/A,N/A,0,0,0,0,0,0,0,0,0,NO,Active,B. PRO
B. Pro,Test PTM,P12232113,12-21-2023,08:50 AM,N/A,N/A,0,4,0,0,0,0,0,0,0,NO,Active,B. PRO
B. Pro,Test Ahmed,P12232111,12-21-2023,07:15 AM,N/A,N/A,37,37,0,2,0,0,0,5,8,YES,Active,B. PRO
B. Pro,Tanvir Ahammad Chy,P12232110,12-21-2023,07:11 AM,N/A,N/A,18,0,0,0,0,0,0,1,13,YES,Active,B. PRO
B. Pro,Test Tasfir Hossain Suman,P12232109,12-21-2023,07:08 AM,N/A,N/A,14,14,0,0,0,0,0,0,2,YES,Active,B. PRO
B. Pro,Test Nahid,P12232108,12-21-2023,07:07 AM,N/A,N/A,0,0,0,0,0,0,0,6,5,NO,Active,B. PRO
B. Pro,Test Yunus,P12232106,12-21-2023,06:55 AM,N/A,N/A,159,15,33,28,0,0,1,5,36,YES,Active,B. PRO
B. Pro,Test Shafiqul,P12232105,12-21-2023,06:54 AM,N/A,N/A,56,5,7,8,0,0,0,4,14,YES,Active,B. PRO
B. Pro,TEST Mahdy,P12232104,12-21-2023,06:52 AM,N/A,N/A,0,0,0,0,0,0,0,0,0,NO,Active,B. PRO
B. Pro,Test Shariful,P12232103,12-21-2023,06:52 AM,N/A,N/A,1,4,16,5,0,0,0,1,8,YES,Active,B. PRO
B. Pro,Test Tauhid,P12232102,12-21-2023,06:51 AM,N/A,N/A,55,94,7,2,0,0,0,8,22,YES,Active,B. PRO
