Customer Name,Account ID,Total Invoice,Order Date,Order Time,Paid Date,Paid time,Invoice Amount,Paid Amount,Status,Payment Link
Hawaiifronts Rental Properties,P01252101-01,2,03-11-2025,09:10 PM,03-11-2025,09:53 PM,$612.49,$612.49,PAID INVOICE,https://www.paytome.co/i/spteyqqy6
Luggage to Ship - LTS,P01241001-01,1143,03-04-2025,04:39 PM,03-06-2025,05:07 PM,$16.00,$16.48,PAID INVOICE,https://www.paytome.co/i/cjghqsmnv
Luggage to Ship - LTS,P01241001-01,1143,03-04-2025,03:59 PM,03-04-2025,04:15 PM,$13.00,$13.39,PAID INVOICE,https://www.paytome.co/i/7uivx2nfo
Luggage to Ship - LTS,P01241001-01,1143,03-03-2025,09:34 PM,03-05-2025,06:28 AM,$25.00,$25.75,PAID INVOICE,https://www.paytome.co/i/zajaakoda
Luggage to Ship - LTS,P01241001-01,1143,02-28-2025,09:08 AM,02-28-2025,12:00 PM,$30.00,$30.90,PAID INVOICE,https://www.paytome.co/i/gtfqgdu9m
Luggage to Ship - LTS,P01241001-01,1143,02-25-2025,11:57 AM,02-27-2025,01:10 PM,$13.00,$13.39,PAID INVOICE,https://www.paytome.co/i/cifcgxh1j
Luggage to Ship - LTS,P01241001-01,1143,02-25-2025,11:45 AM,03-12-2025,11:44 AM,$10.00,$10.30,PAID INVOICE,https://www.paytome.co/i/3jz137bkz
Luggage to Ship - LTS,P01241001-01,1143,02-12-2025,03:29 PM,02-12-2025,03:39 PM,$50.00,$51.50,PAID INVOICE,https://www.paytome.co/i/k1d1fwsqx
Luggage to Ship - LTS,P01241001-01,1143,02-10-2025,04:18 PM,02-11-2025,12:05 PM,$10.00,$10.30,PAID INVOICE,https://www.paytome.co/i/yq7ylg4si
Luggage to Ship - LTS,P01241001-01,1143,02-10-2025,04:08 PM,02-20-2025,04:42 PM,$15.00,$15.45,PAID INVOICE,https://www.paytome.co/i/qcrpq0rx4
Luggage to Ship - LTS,P01241001-01,1143,02-10-2025,10:41 AM,02-12-2025,11:19 AM,$50.00,$51.50,PAID INVOICE,https://www.paytome.co/i/ektiskdzs
Luggage to Ship - LTS,P01241001-01,1143,02-05-2025,10:26 PM,02-06-2025,04:39 PM,$31.00,$31.93,PAID INVOICE,https://www.paytome.co/i/1baydvvqr
Luggage to Ship - LTS,P01241001-01,1143,02-05-2025,09:04 PM,02-06-2025,05:04 PM,$14.00,$14.42,PAID INVOICE,https://www.paytome.co/i/bglh6j3ov
Luggage to Ship - LTS,P01241001-01,1143,02-05-2025,08:59 PM,02-05-2025,09:16 PM,$6.00,$6.18,PAID INVOICE,https://www.paytome.co/i/vb2wek2xm
Luggage to Ship - LTS,P01241001-01,1143,02-05-2025,08:22 PM,02-06-2025,03:55 PM,$51.00,$52.53,PAID INVOICE,https://www.paytome.co/i/xbqvfmggh
Luggage to Ship - LTS,P01241001-01,1143,02-05-2025,07:46 PM,02-05-2025,09:19 PM,$20.00,$20.60,PAID INVOICE,https://www.paytome.co/i/rscr6pu8p
Luggage to Ship - LTS,P01241001-01,1143,02-05-2025,07:28 PM,02-05-2025,09:23 PM,$20.00,$20.60,PAID INVOICE,https://www.paytome.co/i/rud72dycs
Luggage to Ship - LTS,P01241001-01,1143,02-04-2025,10:02 PM,02-05-2025,08:17 AM,$52.00,$53.56,PAID INVOICE,https://www.paytome.co/i/g5lpd1ew1
Luggage to Ship - LTS,P01241001-01,1143,02-03-2025,09:31 PM,02-03-2025,11:03 PM,$16.00,$16.48,PAID INVOICE,https://www.paytome.co/i/gs3kbpiys
Luggage to Ship - LTS,P01241001-01,1143,02-03-2025,09:27 PM,02-04-2025,08:43 PM,$45.00,$46.35,PAID INVOICE,https://www.paytome.co/i/47ubtfn7t
Luggage to Ship - LTS,P01241001-01,1143,01-31-2025,04:57 PM,02-03-2025,01:28 PM,$10.00,$10.30,PAID INVOICE,https://www.paytome.co/i/hnhipfoy8
Luggage to Ship - LTS,P01241001-01,1143,01-31-2025,04:53 PM,01-31-2025,04:57 PM,$10.00,$10.30,PAID INVOICE,https://www.paytome.co/i/gq4pzirrm
Luggage to Ship - LTS,P01241001-01,1143,01-31-2025,04:34 PM,01-31-2025,10:22 PM,$14.00,$14.42,PAID INVOICE,https://www.paytome.co/i/n7kqc02i5
Luggage to Ship - LTS,P01241001-01,1143,01-31-2025,04:19 PM,01-31-2025,06:31 PM,$10.00,$10.30,PAID INVOICE,https://www.paytome.co/i/nimt7lyth
Luggage to Ship - LTS,P01241001-01,1143,01-31-2025,02:34 PM,02-01-2025,10:04 AM,$157.00,$161.71,PAID INVOICE,https://www.paytome.co/i/fllcdfeut
Luggage to Ship - LTS,P01241001-01,1143,01-29-2025,10:17 PM,01-30-2025,01:16 PM,$5.00,$5.15,PAID INVOICE,https://www.paytome.co/i/iphie3wm2
Luggage to Ship - LTS,P01241001-01,1143,01-29-2025,08:22 PM,01-29-2025,09:04 PM,$10.00,$10.30,PAID INVOICE,https://www.paytome.co/i/60bq5nfqj
Luggage to Ship - LTS,P01241001-01,1143,01-29-2025,07:56 PM,01-30-2025,10:40 AM,$43.00,$44.29,PAID INVOICE,https://www.paytome.co/i/jirawmv2w
Luggage to Ship - LTS,P01241001-01,1143,01-27-2025,11:48 AM,01-28-2025,05:49 PM,$32.00,$32.96,PAID INVOICE,https://www.paytome.co/i/unjxwwirx
EXP Copy Print,P01241001-03,3,01-23-2025,11:47 AM,01-23-2025,01:35 PM,$185.00,$190.55,PAID INVOICE,https://www.paytome.co/i/tjnpapukj
Luggage to Ship - LTS,P01241001-01,1143,01-21-2025,04:04 PM,01-23-2025,12:29 PM,$20.00,$20.60,PAID INVOICE,https://www.paytome.co/i/wcffuwgvf
Luggage to Ship - LTS,P01241001-01,1143,01-21-2025,03:57 PM,01-24-2025,01:14 AM,$31.00,$31.93,PAID INVOICE,https://www.paytome.co/i/6lmbnpaoj
Luggage to Ship - LTS,P01241001-01,1143,01-17-2025,02:01 AM,01-17-2025,09:59 AM,$8.00,$8.24,PAID INVOICE,https://www.paytome.co/i/eribmi7lg
Luggage to Ship - LTS,P01241001-01,1143,01-17-2025,01:50 AM,01-17-2025,11:14 PM,$15.00,$15.45,PAID INVOICE,https://www.paytome.co/i/rb4elyqpe
Luggage to Ship - LTS,P01241001-01,1143,01-17-2025,01:20 AM,01-18-2025,09:06 PM,$15.00,$15.45,PAID INVOICE,https://www.paytome.co/i/qgnfehk5v
Luggage to Ship - LTS,P01241001-01,1143,01-17-2025,01:14 AM,01-17-2025,10:35 AM,$10.00,$10.30,PAID INVOICE,https://www.paytome.co/i/bzx7b1lww
Luggage to Ship - LTS,P01241001-01,1143,01-17-2025,12:49 AM,01-17-2025,07:21 AM,$15.00,$15.45,PAID INVOICE,https://www.paytome.co/i/jdgpfpdqa
Luggage to Ship - LTS,P01241001-01,1143,01-17-2025,12:05 AM,01-17-2025,12:05 PM,$10.00,$10.30,PAID INVOICE,https://www.paytome.co/i/ptsnf6kg6
Luggage to Ship - LTS,P01241001-01,1143,01-16-2025,11:15 PM,01-17-2025,09:18 PM,$7.00,$7.21,PAID INVOICE,https://www.paytome.co/i/1zzs0vbwx
Luggage to Ship - LTS,P01241001-01,1143,01-16-2025,09:43 PM,01-16-2025,09:49 PM,$15.00,$15.45,PAID INVOICE,https://www.paytome.co/i/5gqjn7pk2
Luggage to Ship - LTS,P01241001-01,1143,01-16-2025,08:52 PM,01-16-2025,09:02 PM,$10.00,$10.30,PAID INVOICE,https://www.paytome.co/i/vswsd3hmy
Luggage to Ship - LTS,P01241001-01,1143,01-08-2025,09:02 PM,01-08-2025,10:08 PM,$12.00,$12.36,PAID INVOICE,https://www.paytome.co/i/fczd1x2hs
Luggage to Ship - LTS,P01241001-01,1143,01-08-2025,12:41 AM,01-08-2025,08:03 AM,$25.00,$25.75,PAID INVOICE,https://www.paytome.co/i/brcf5tfyn
Luggage to Ship - LTS,P01241001-01,1143,01-08-2025,12:12 AM,01-08-2025,08:28 AM,$10.00,$10.30,PAID INVOICE,https://www.paytome.co/i/vda4wl2m7
Luggage to Ship - LTS,P01241001-01,1143,01-07-2025,11:59 PM,01-08-2025,10:26 AM,$15.00,$15.45,PAID INVOICE,https://www.paytome.co/i/gm5qeyd0j
Luggage to Ship - LTS,P01241001-01,1143,01-07-2025,11:52 PM,01-09-2025,11:11 AM,$30.00,$30.90,PAID INVOICE,https://www.paytome.co/i/dz6dz6f5s
Luggage to Ship - LTS,P01241001-01,1143,01-03-2025,01:49 PM,01-03-2025,04:09 PM,$10.00,$10.30,PAID INVOICE,https://www.paytome.co/i/7ihs6fyox
Luggage to Ship - LTS,P01241001-01,1143,01-03-2025,01:37 PM,01-04-2025,07:07 PM,$14.00,$14.42,PAID INVOICE,https://www.paytome.co/i/rq2vfzhts
Luggage to Ship - LTS,P01241001-01,1143,01-03-2025,01:24 PM,01-03-2025,01:35 PM,$14.00,$14.42,PAID INVOICE,https://www.paytome.co/i/viay5wdrw
Luggage to Ship - LTS,P01241001-01,1143,01-03-2025,01:10 PM,01-04-2025,10:40 PM,$20.00,$20.60,PAID INVOICE,https://www.paytome.co/i/iusrzgwwt
Luggage to Ship - LTS,P01241001-01,1143,01-03-2025,12:54 PM,01-03-2025,09:07 PM,$17.00,$17.51,PAID INVOICE,https://www.paytome.co/i/emiiiibo5
Luggage to Ship - LTS,P01241001-01,1143,01-03-2025,10:33 AM,01-03-2025,01:23 PM,$10.00,$10.30,PAID INVOICE,https://www.paytome.co/i/2wnyym6sy
Luggage to Ship - LTS,P01241001-01,1143,12-27-2024,07:10 PM,12-29-2024,10:35 AM,$6.00,$6.18,PAID INVOICE,https://www.paytome.co/i/nzgcc3d8p
Luggage to Ship - LTS,P01241001-01,1143,12-27-2024,07:01 PM,12-27-2024,09:33 PM,$15.00,$15.45,PAID INVOICE,https://www.paytome.co/i/ew7lridzd
Luggage to Ship - LTS,P01241001-01,1143,12-25-2024,06:58 PM,12-30-2024,07:37 AM,$10.00,$10.30,PAID INVOICE,https://www.paytome.co/i/tvibc3bsr
Luggage to Ship - LTS,P01241001-01,1143,12-21-2024,06:13 PM,12-21-2024,07:08 PM,$10.00,$10.30,PAID INVOICE,https://www.paytome.co/i/7wq6ylpem
Luggage to Ship - LTS,P01241001-01,1143,12-17-2024,02:59 PM,12-18-2024,05:10 PM,$111.00,$114.33,PAID INVOICE,https://www.paytome.co/i/gk1avjrrk
Luggage to Ship - LTS,P01241001-01,1143,12-17-2024,02:40 PM,12-17-2024,09:00 PM,$15.00,$15.45,PAID INVOICE,https://www.paytome.co/i/amxvifwuw
Luggage to Ship - LTS,P01241001-01,1143,12-17-2024,02:17 PM,12-18-2024,09:23 AM,$15.00,$15.45,PAID INVOICE,https://www.paytome.co/i/fisy05ooy
Luggage to Ship - LTS,P01241001-01,1143,12-17-2024,01:57 PM,12-17-2024,06:24 PM,$8.00,$8.24,PAID INVOICE,https://www.paytome.co/i/2hr1kaezl
Luggage to Ship - LTS,P01241001-01,1143,12-17-2024,01:53 PM,12-17-2024,01:57 PM,$13.00,$13.39,PAID INVOICE,https://www.paytome.co/i/tzyzwbq95
Luggage to Ship - LTS,P01241001-01,1143,12-17-2024,01:00 PM,12-18-2024,05:34 AM,$7.00,$7.21,PAID INVOICE,https://www.paytome.co/i/8hvcrbksc
Hoho Test Company,P11240401-02,9,12-14-2024,10:42 PM,12-14-2024,10:50 PM,$1.00,$1.03,PAID INVOICE,https://www.paytome.co/i/fajcaulfo
EXP Copy Print,P01241001-03,3,12-09-2024,02:12 PM,12-09-2024,10:50 PM,$125.00,$128.75,PAID INVOICE,https://www.paytome.co/i/nbarlc2pp
Luggage to Ship - LTS,P01241001-01,1143,12-04-2024,09:39 AM,12-10-2024,09:53 AM,$15.00,$15.45,PAID INVOICE,https://www.paytome.co/i/0obuzblqw
Luggage to Ship - LTS,P01241001-01,1143,12-04-2024,08:45 AM,12-10-2024,11:23 AM,$10.00,$10.30,PAID INVOICE,https://www.paytome.co/i/yx2epr4dd
Luggage to Ship - LTS,P01241001-01,1143,11-29-2024,01:50 PM,11-29-2024,05:22 PM,$20.00,$20.60,PAID INVOICE,https://www.paytome.co/i/sz2gutbax
Luggage to Ship - LTS,P01241001-01,1143,11-29-2024,01:44 PM,12-01-2024,04:23 AM,$40.00,$41.20,PAID INVOICE,https://www.paytome.co/i/dypu0pun3
Luggage to Ship - LTS,P01241001-01,1143,11-28-2024,10:43 AM,11-28-2024,05:13 PM,$25.00,$25.75,PAID INVOICE,https://www.paytome.co/i/t7j4lilyh
Luggage to Ship - LTS,P01241001-01,1143,11-28-2024,10:06 AM,11-28-2024,10:37 AM,$20.00,$20.60,PAID INVOICE,https://www.paytome.co/i/mp69lhwhb
Luggage to Ship - LTS,P01241001-01,1143,11-15-2024,09:59 AM,11-15-2024,01:02 PM,$10.00,$10.30,PAID INVOICE,https://www.paytome.co/i/je3wfs4bm
Luggage to Ship - LTS,P01241001-01,1143,11-15-2024,09:04 AM,11-16-2024,06:49 PM,$16.00,$16.48,PAID INVOICE,https://www.paytome.co/i/5gt1nsgz0
Luggage to Ship - LTS,P01241001-01,1143,11-14-2024,09:04 AM,11-14-2024,11:51 AM,$10.00,$10.30,PAID INVOICE,https://www.paytome.co/i/jizv0c9r1
Boundarie.org,P11240302-02,7,11-09-2024,09:31 PM,11-09-2024,09:33 PM,$1.00,$1.03,PAID INVOICE,https://www.paytome.co/i/mutfewbe1
Luggage to Ship - LTS,P01241001-01,1143,11-08-2024,02:38 PM,11-09-2024,01:14 PM,$40.00,$41.20,PAID INVOICE,https://www.paytome.co/i/comjeeffj
Luggage to Ship - LTS,P01241001-01,1143,11-08-2024,01:04 PM,11-09-2024,12:54 AM,$20.00,$20.60,PAID INVOICE,https://www.paytome.co/i/ecsbhglsb
Luggage to Ship - LTS,P01241001-01,1143,11-08-2024,12:59 PM,11-09-2024,08:58 AM,$20.00,$20.60,PAID INVOICE,https://www.paytome.co/i/zylbi1eh3
Boundarie.org,P11240302-02,7,11-03-2024,04:45 PM,11-03-2024,04:47 PM,$1.00,$1.03,PAID INVOICE,https://www.paytome.co/i/1l7cqh0wf
Luggage to Ship - LTS,P01241001-01,1143,10-31-2024,10:44 PM,11-04-2024,08:27 AM,$14.00,$14.42,PAID INVOICE,https://www.paytome.co/i/jm7sgdntr
Luggage to Ship - LTS,P01241001-01,1143,10-31-2024,10:35 PM,11-03-2024,09:52 PM,$87.00,$89.61,PAID INVOICE,https://www.paytome.co/i/astaimtn7
Luggage to Ship - LTS,P01241001-01,1143,10-31-2024,10:25 PM,11-05-2024,07:18 AM,$32.00,$32.96,PAID INVOICE,https://www.paytome.co/i/0l4plry4a
Luggage to Ship - LTS,P01241001-01,1143,10-31-2024,07:32 PM,11-01-2024,03:15 AM,$20.00,$20.60,PAID INVOICE,https://www.paytome.co/i/1cwuhxxck
Luggage to Ship - LTS,P01241001-01,1143,10-24-2024,07:31 PM,10-25-2024,12:37 AM,$10.00,$10.30,PAID INVOICE,https://www.paytome.co/i/jtbdh9ige
Luggage to Ship - LTS,P01241001-01,1143,10-24-2024,07:06 PM,10-24-2024,07:53 PM,$15.00,$15.45,PAID INVOICE,https://www.paytome.co/i/gstz9gdjo
Luggage to Ship - LTS,P01241001-01,1143,10-24-2024,06:02 PM,10-26-2024,12:02 AM,$30.00,$30.90,PAID INVOICE,https://www.paytome.co/i/6ladyfhks
Luggage to Ship - LTS,P01241001-01,1143,10-16-2024,11:29 PM,10-18-2024,05:10 PM,$41.00,$42.23,PAID INVOICE,https://www.paytome.co/i/pil1xpezm
Luggage to Ship - LTS,P01241001-01,1143,10-16-2024,10:56 PM,10-16-2024,11:58 PM,$10.00,$10.30,PAID INVOICE,https://www.paytome.co/i/crrwvjvzq
Luggage to Ship - LTS,P01241001-01,1143,10-16-2024,08:23 PM,10-17-2024,10:37 AM,$18.00,$18.54,PAID INVOICE,https://www.paytome.co/i/3qytjov3r
Test Company 3,P10241502-04,2,10-16-2024,02:54 AM,10-16-2024,03:18 AM,$7.90,$9.90,PAID INVOICE,https://www.paytome.co/i/u5nlual8z
Luggage to Ship - LTS,P01241001-01,1143,10-14-2024,02:50 PM,10-14-2024,03:44 PM,$80.00,$82.40,PAID INVOICE,https://www.paytome.co/i/oiuboqa3n
Luggage to Ship - LTS,P01241001-01,1143,10-11-2024,09:32 AM,10-11-2024,11:51 AM,$11.00,$11.33,PAID INVOICE,https://www.paytome.co/i/tpwctbsgg
Luggage to Ship - LTS,P01241001-01,1143,10-10-2024,01:51 PM,10-10-2024,03:54 PM,$50.00,$51.50,PAID INVOICE,https://www.paytome.co/i/kv8sdzgqx
Luggage to Ship - LTS,P01241001-01,1143,10-10-2024,01:39 PM,10-11-2024,01:44 PM,$12.00,$12.36,PAID INVOICE,https://www.paytome.co/i/reucfb2ke
Luggage to Ship - LTS,P01241001-01,1143,10-10-2024,01:20 PM,10-10-2024,03:34 PM,$10.00,$10.30,PAID INVOICE,https://www.paytome.co/i/vu3a5wqyy
Luggage to Ship - LTS,P01241001-01,1143,10-10-2024,01:03 PM,10-10-2024,02:21 PM,$40.00,$41.20,PAID INVOICE,https://www.paytome.co/i/qahj5hhqn
Luggage to Ship - LTS,P01241001-01,1143,10-10-2024,11:02 AM,10-15-2024,11:20 PM,$6.00,$6.18,PAID INVOICE,https://www.paytome.co/i/qukimmiht
Luggage to Ship - LTS,P01241001-01,1143,10-09-2024,09:31 PM,10-09-2024,09:50 PM,$19.00,$19.57,PAID INVOICE,https://www.paytome.co/i/xossjrhgf
Luggage to Ship - LTS,P01241001-01,1143,10-08-2024,09:32 PM,10-10-2024,07:24 PM,$42.00,$43.26,PAID INVOICE,https://www.paytome.co/i/ykiqywdlg
Luggage to Ship - LTS,P01241001-01,1143,10-07-2024,09:04 AM,10-07-2024,09:48 AM,$10.00,$10.30,PAID INVOICE,https://www.paytome.co/i/9giv86dfy
Luggage to Ship - LTS,P01241001-01,1143,09-25-2024,09:18 AM,09-25-2024,03:14 PM,$15.00,$15.45,PAID INVOICE,https://www.paytome.co/i/blv2ynmaa
Luggage to Ship - LTS,P01241001-01,1143,09-23-2024,09:12 AM,09-23-2024,09:25 AM,$50.00,$51.50,PAID INVOICE,https://www.paytome.co/i/nrfuw7cm5
Luggage to Ship - LTS,P01241001-01,1143,09-23-2024,08:54 AM,09-24-2024,06:12 AM,$10.00,$10.30,PAID INVOICE,https://www.paytome.co/i/8yxegchkr
Luggage to Ship - LTS,P01241001-01,1143,09-23-2024,07:55 AM,09-23-2024,09:58 AM,$6.00,$6.18,PAID INVOICE,https://www.paytome.co/i/01vfnlvpf
Luggage to Ship - LTS,P01241001-01,1143,09-23-2024,07:23 AM,09-24-2024,12:58 PM,$15.00,$15.45,PAID INVOICE,https://www.paytome.co/i/dxpqm1wvq
Luggage to Ship - LTS,P01241001-01,1143,09-19-2024,10:08 PM,09-19-2024,11:06 PM,$20.00,$20.60,PAID INVOICE,https://www.paytome.co/i/k1pntfdop
Luggage to Ship - LTS,P01241001-01,1143,09-19-2024,09:58 PM,09-19-2024,11:14 PM,$40.00,$41.20,PAID INVOICE,https://www.paytome.co/i/sjhbaedtm
Luggage to Ship - LTS,P01241001-01,1143,09-19-2024,09:36 PM,09-19-2024,11:35 PM,$15.00,$15.45,PAID INVOICE,https://www.paytome.co/i/ikllufmra
Luggage to Ship - LTS,P01241001-01,1143,09-19-2024,09:08 PM,09-20-2024,06:34 PM,$20.00,$20.60,PAID INVOICE,https://www.paytome.co/i/qgnfptz9l
Luggage to Ship - LTS,P01241001-01,1143,09-19-2024,08:28 PM,09-19-2024,09:44 PM,$14.00,$14.42,PAID INVOICE,https://www.paytome.co/i/6kqdhpujz
Luggage to Ship - LTS,P01241001-01,1143,09-16-2024,04:36 PM,09-20-2024,08:32 AM,$142.00,$146.26,PAID INVOICE,https://www.paytome.co/i/rwloo5c2a
Luggage to Ship - LTS,P01241001-01,1143,09-15-2024,01:58 PM,10-19-2024,12:31 AM,$6.48,$6.67,PAID INVOICE,https://www.paytome.co/i/figaz03gu
Luggage to Ship - LTS,P01241001-01,1143,09-15-2024,01:14 PM,09-15-2024,01:22 PM,$7.00,$7.21,PAID INVOICE,https://www.paytome.co/i/owecsmlni
Luggage to Ship - LTS,P01241001-01,1143,09-15-2024,01:11 PM,09-17-2024,10:43 AM,$19.00,$19.57,PAID INVOICE,https://www.paytome.co/i/hhkuelgrm
Luggage to Ship - LTS,P01241001-01,1143,09-15-2024,01:07 PM,09-15-2024,01:11 PM,$6.00,$6.18,PAID INVOICE,https://www.paytome.co/i/ejbsprz52
Luggage to Ship - LTS,P01241001-01,1143,09-15-2024,09:19 AM,09-15-2024,09:28 AM,$10.00,$10.30,PAID INVOICE,https://www.paytome.co/i/jwivn4xmk
Luggage to Ship - LTS,P01241001-01,1143,09-15-2024,09:16 AM,09-15-2024,04:12 PM,$10.00,$10.30,PAID INVOICE,https://www.paytome.co/i/9bcs8l2f7
Luggage to Ship - LTS,P01241001-01,1143,09-15-2024,09:12 AM,09-15-2024,12:15 PM,$10.00,$10.30,PAID INVOICE,https://www.paytome.co/i/ntbdyviqt
Luggage to Ship - LTS,P01241001-01,1143,09-15-2024,09:05 AM,09-17-2024,12:22 AM,$9.00,$9.27,PAID INVOICE,https://www.paytome.co/i/swc7nfru3
Luggage to Ship - LTS,P01241001-01,1143,09-15-2024,08:28 AM,09-16-2024,02:18 PM,$21.00,$21.63,PAID INVOICE,https://www.paytome.co/i/rnf1bjuyb
Luggage to Ship - LTS,P01241001-01,1143,09-15-2024,08:21 AM,09-15-2024,02:58 PM,$10.00,$10.30,PAID INVOICE,https://www.paytome.co/i/fabv09dsv
Luggage to Ship - LTS,P01241001-01,1143,09-11-2024,10:16 PM,09-11-2024,10:57 PM,$15.00,$15.45,PAID INVOICE,https://www.paytome.co/i/sgmjc8klm
Luggage to Ship - LTS,P01241001-01,1143,09-10-2024,09:28 PM,09-10-2024,10:25 PM,$11.00,$11.33,PAID INVOICE,https://www.paytome.co/i/bnrpkmdse
Luggage to Ship - LTS,P01241001-01,1143,09-08-2024,07:55 PM,09-08-2024,10:37 PM,$13.00,$13.39,PAID INVOICE,https://www.paytome.co/i/h8nslso2p
Luggage to Ship - LTS,P01241001-01,1143,09-08-2024,06:52 PM,09-08-2024,07:21 PM,$5.00,$5.15,PAID INVOICE,https://www.paytome.co/i/oa455rdlg
Luggage to Ship - LTS,P01241001-01,1143,09-04-2024,06:19 PM,09-04-2024,08:21 PM,$113.00,$116.39,PAID INVOICE,https://www.paytome.co/i/qo61iqbpu
Luggage to Ship - LTS,P01241001-01,1143,08-30-2024,07:30 PM,09-01-2024,07:09 PM,$70.00,$72.10,PAID INVOICE,https://www.paytome.co/i/auvlbewkp
Luggage to Ship - LTS,P01241001-01,1143,08-27-2024,07:34 PM,08-27-2024,07:36 PM,$10.00,$10.30,PAID INVOICE,https://www.paytome.co/i/xfhh1yibk
Luggage to Ship - LTS,P01241001-01,1143,08-27-2024,06:13 PM,08-27-2024,06:31 PM,$10.00,$10.30,PAID INVOICE,https://www.paytome.co/i/zrflgyvug
Luggage to Ship - LTS,P01241001-01,1143,08-26-2024,11:32 AM,08-29-2024,06:15 AM,$45.00,$46.35,PAID INVOICE,https://www.paytome.co/i/jrdvb6yn6
Luggage to Ship - LTS,P01241001-01,1143,08-22-2024,12:12 PM,08-22-2024,12:44 PM,$10.00,$10.30,PAID INVOICE,https://www.paytome.co/i/04mbuiagx
Luggage to Ship - LTS,P01241001-01,1143,08-22-2024,09:16 AM,08-25-2024,02:08 PM,$11.00,$11.33,PAID INVOICE,https://www.paytome.co/i/e8zqmuja2
Luggage to Ship - LTS,P01241001-01,1143,08-15-2024,10:37 PM,08-16-2024,10:15 AM,$10.00,$10.30,PAID INVOICE,https://www.paytome.co/i/qpnd7a5iy
Luggage to Ship - LTS,P01241001-01,1143,08-15-2024,09:34 PM,08-16-2024,11:33 AM,$20.00,$20.60,PAID INVOICE,https://www.paytome.co/i/eja25j2vu
Luggage to Ship - LTS,P01241001-01,1143,08-14-2024,10:46 PM,08-15-2024,05:05 AM,$18.00,$18.54,PAID INVOICE,https://www.paytome.co/i/74pdvjkqg
Luggage to Ship - LTS,P01241001-01,1143,08-14-2024,10:42 PM,08-16-2024,11:29 AM,$15.00,$15.45,PAID INVOICE,https://www.paytome.co/i/t7uglyj1b
Luggage to Ship - LTS,P01241001-01,1143,08-14-2024,09:29 PM,08-15-2024,06:05 PM,$12.00,$12.36,PAID INVOICE,https://www.paytome.co/i/s5yfqip3x
Luggage to Ship - LTS,P01241001-01,1143,08-14-2024,09:25 PM,08-15-2024,05:49 PM,$5.00,$5.15,PAID INVOICE,https://www.paytome.co/i/zu8mb2ukq
Luggage to Ship - LTS,P01241001-01,1143,08-14-2024,08:58 PM,08-19-2024,05:19 PM,$21.00,$21.63,PAID INVOICE,https://www.paytome.co/i/ozswp5bcy
Luggage to Ship - LTS,P01241001-01,1143,08-14-2024,08:19 PM,08-17-2024,05:45 PM,$11.00,$11.33,PAID INVOICE,https://www.paytome.co/i/hxgiizw3b
Luggage to Ship - LTS,P01241001-01,1143,08-14-2024,04:30 PM,08-17-2024,02:08 PM,$29.00,$29.87,PAID INVOICE,https://www.paytome.co/i/5obdizbvk
Luggage to Ship - LTS,P01241001-01,1143,08-05-2024,01:42 AM,08-08-2024,01:16 PM,$5.00,$5.15,PAID INVOICE,https://www.paytome.co/i/kcrdzcwvo
Luggage to Ship - LTS,P01241001-01,1143,08-04-2024,11:44 PM,08-06-2024,06:20 PM,$8.00,$8.24,PAID INVOICE,https://www.paytome.co/i/usmo2gm7k
Luggage to Ship - LTS,P01241001-01,1143,08-04-2024,11:04 PM,08-04-2024,11:53 PM,$8.00,$8.24,PAID INVOICE,https://www.paytome.co/i/gnz0yko0d
Luggage to Ship - LTS,P01241001-01,1143,08-04-2024,11:00 PM,08-05-2024,09:01 AM,$16.00,$16.48,PAID INVOICE,https://www.paytome.co/i/bjqwwyzdt
Luggage to Ship - LTS,P01241001-01,1143,08-04-2024,10:00 PM,08-06-2024,06:29 PM,$10.00,$10.30,PAID INVOICE,https://www.paytome.co/i/s1ypc68i2
Luggage to Ship - LTS,P01241001-01,1143,08-04-2024,09:42 PM,08-04-2024,09:54 PM,$30.00,$30.90,PAID INVOICE,https://www.paytome.co/i/di3ydbkjx
Luggage to Ship - LTS,P01241001-01,1143,07-26-2024,09:16 PM,07-27-2024,12:47 PM,$15.00,$15.45,PAID INVOICE,https://www.paytome.co/i/k8o28vicg
Luggage to Ship - LTS,P01241001-01,1143,07-26-2024,08:15 PM,07-26-2024,08:24 PM,$11.00,$11.33,PAID INVOICE,https://www.paytome.co/i/lj2lrstpf
Luggage to Ship - LTS,P01241001-01,1143,07-26-2024,07:25 PM,07-28-2024,01:17 PM,$10.00,$10.30,PAID INVOICE,https://www.paytome.co/i/m5aahop3p
Luggage to Ship - LTS,P01241001-01,1143,07-26-2024,07:19 PM,07-27-2024,12:46 PM,$25.00,$25.75,PAID INVOICE,https://www.paytome.co/i/oibwzu5fq
Luggage to Ship - LTS,P01241001-01,1143,07-26-2024,07:13 PM,08-02-2024,12:00 PM,$11.00,$11.33,PAID INVOICE,https://www.paytome.co/i/y2ycjv7uh
Luggage to Ship - LTS,P01241001-01,1143,07-26-2024,06:57 PM,07-29-2024,02:34 PM,$50.00,$51.50,PAID INVOICE,https://www.paytome.co/i/mxvzshc3l
Luggage to Ship - LTS,P01241001-01,1143,07-19-2024,09:47 PM,07-20-2024,01:44 AM,$14.40,$14.83,PAID INVOICE,https://www.paytome.co/i/q9nvmb6t9
Luggage to Ship - LTS,P01241001-01,1143,07-19-2024,09:02 PM,07-19-2024,11:34 PM,$13.50,$13.91,PAID INVOICE,https://www.paytome.co/i/be703eak3
Luggage to Ship - LTS,P01241001-01,1143,07-19-2024,08:35 PM,07-19-2024,11:14 PM,$54.84,$56.49,PAID INVOICE,https://www.paytome.co/i/lwp5slykd
Luggage to Ship - LTS,P01241001-01,1143,07-11-2024,07:51 PM,07-19-2024,05:41 PM,$11.00,$11.33,PAID INVOICE,https://www.paytome.co/i/ix6bfbgj8
Luggage to Ship - LTS,P01241001-01,1143,07-11-2024,07:23 PM,07-11-2024,11:40 PM,$18.00,$18.54,PAID INVOICE,https://www.paytome.co/i/duosovtf9
Luggage to Ship - LTS,P01241001-01,1143,07-11-2024,07:05 PM,07-11-2024,07:23 PM,$19.00,$19.57,PAID INVOICE,https://www.paytome.co/i/zoluwdyqa
Luggage to Ship - LTS,P01241001-01,1143,07-10-2024,10:56 PM,07-11-2024,02:04 AM,$10.80,$11.12,PAID INVOICE,https://www.paytome.co/i/g5ihxsvi1
Luggage to Ship - LTS,P01241001-01,1143,07-10-2024,09:59 PM,07-12-2024,12:19 PM,$16.20,$16.69,PAID INVOICE,https://www.paytome.co/i/xg48ydhzi
Luggage to Ship - LTS,P01241001-01,1143,07-10-2024,09:37 PM,07-10-2024,10:57 PM,$18.00,$18.54,PAID INVOICE,https://www.paytome.co/i/6mtimtasf
Luggage to Ship - LTS,P01241001-01,1143,07-10-2024,09:24 PM,07-10-2024,09:31 PM,$23.40,$24.10,PAID INVOICE,https://www.paytome.co/i/cod5ldxol
Luggage to Ship - LTS,P01241001-01,1143,07-09-2024,10:01 PM,07-11-2024,05:11 PM,$11.00,$11.33,PAID INVOICE,https://www.paytome.co/i/dpvpofeoi
Luggage to Ship - LTS,P01241001-01,1143,07-01-2024,03:47 PM,07-01-2024,04:35 PM,$24.00,$24.72,PAID INVOICE,https://www.paytome.co/i/ynoyfojg7
Luggage to Ship - LTS,P01241001-01,1143,07-01-2024,03:21 PM,07-01-2024,03:37 PM,$9.00,$9.27,PAID INVOICE,https://www.paytome.co/i/x7w405irg
Luggage to Ship - LTS,P01241001-01,1143,07-01-2024,02:58 PM,07-02-2024,01:18 PM,$15.00,$15.45,PAID INVOICE,https://www.paytome.co/i/xwbtkujpe
Luggage to Ship - LTS,P01241001-01,1143,07-01-2024,02:42 PM,07-02-2024,12:05 PM,$10.00,$10.30,PAID INVOICE,https://www.paytome.co/i/76m69fzcx
Luggage to Ship - LTS,P01241001-01,1143,07-01-2024,02:23 PM,07-01-2024,02:53 PM,$15.00,$15.45,PAID INVOICE,https://www.paytome.co/i/fxajiy8mh
Luggage to Ship - LTS,P01241001-01,1143,07-01-2024,01:18 PM,07-01-2024,02:34 PM,$30.00,$30.90,PAID INVOICE,https://www.paytome.co/i/vdkg1fqdv
Luggage to Ship - LTS,P01241001-01,1143,06-28-2024,09:37 PM,06-29-2024,02:46 AM,$10.00,$10.30,PAID INVOICE,https://www.paytome.co/i/aglis5pwq
Luggage to Ship - LTS,P01241001-01,1143,06-24-2024,10:13 AM,06-26-2024,02:54 AM,$20.00,$20.60,PAID INVOICE,https://www.paytome.co/i/o4gx9jrap
Luggage to Ship - LTS,P01241001-01,1143,06-14-2024,09:36 PM,06-17-2024,06:03 AM,$20.00,$20.60,PAID INVOICE,https://www.paytome.co/i/bkcogpngg
Luggage to Ship - LTS,P01241001-01,1143,06-11-2024,10:40 PM,06-12-2024,07:09 AM,$15.00,$15.45,PAID INVOICE,https://www.paytome.co/i/tvl3fudcm
Luggage to Ship - LTS,P01241001-01,1143,06-11-2024,09:48 PM,06-11-2024,10:28 PM,$49.00,$50.47,PAID INVOICE,https://www.paytome.co/i/74rber7kc
Luggage to Ship - LTS,P01241001-01,1143,06-07-2024,08:52 PM,06-10-2024,08:07 PM,$12.00,$12.36,PAID INVOICE,https://www.paytome.co/i/bt1iksqp7
Luggage to Ship - LTS,P01241001-01,1143,06-06-2024,10:32 PM,06-10-2024,08:50 PM,$36.00,$37.08,PAID INVOICE,https://www.paytome.co/i/qwclwp1q9
Luggage to Ship - LTS,P01241001-01,1143,06-06-2024,10:25 PM,06-07-2024,01:18 AM,$22.00,$22.66,PAID INVOICE,https://www.paytome.co/i/t3lbh8gmn
Luggage to Ship - LTS,P01241001-01,1143,06-06-2024,10:20 PM,06-07-2024,12:23 AM,$23.00,$23.69,PAID INVOICE,https://www.paytome.co/i/m5mihditp
Luggage to Ship - LTS,P01241001-01,1143,06-06-2024,10:07 PM,06-07-2024,10:32 PM,$34.00,$35.02,PAID INVOICE,https://www.paytome.co/i/k1rkbyk7k
Luggage to Ship - LTS,P01241001-01,1143,06-05-2024,10:39 PM,06-05-2024,10:58 PM,$139.00,$143.17,PAID INVOICE,https://www.paytome.co/i/2fzjrtala
Luggage to Ship - LTS,P01241001-01,1143,06-05-2024,09:48 PM,06-06-2024,10:51 AM,$22.00,$22.66,PAID INVOICE,https://www.paytome.co/i/l7ymjd3zu
Luggage to Ship - LTS,P01241001-01,1143,06-05-2024,08:03 PM,06-06-2024,06:37 PM,$20.00,$20.60,PAID INVOICE,https://www.paytome.co/i/gworm0qdx
Luggage to Ship - LTS,P01241001-01,1143,06-05-2024,07:57 PM,06-06-2024,09:44 AM,$15.00,$15.45,PAID INVOICE,https://www.paytome.co/i/t7qo50wtr
Luggage to Ship - LTS,P01241001-01,1143,06-04-2024,11:20 PM,06-06-2024,12:58 PM,$5.00,$5.15,PAID INVOICE,https://www.paytome.co/i/lvafui0c0
Luggage to Ship - LTS,P01241001-01,1143,06-04-2024,10:41 PM,06-06-2024,09:50 AM,$14.00,$14.42,PAID INVOICE,https://www.paytome.co/i/rpwdxtht9
Luggage to Ship - LTS,P01241001-01,1143,06-04-2024,10:21 PM,06-07-2024,03:21 PM,$43.00,$44.29,PAID INVOICE,https://www.paytome.co/i/nruqifrvl
SELLER4765 LLC,P05240106-02,15,05-31-2024,01:56 PM,05-31-2024,01:59 PM,$120.00,$120.00,PAID INVOICE,https://www.paytome.co/i/orohkvklu
SELLER4765 LLC,P05240106-02,15,05-31-2024,01:52 PM,05-31-2024,01:55 PM,$239.00,$239.00,PAID INVOICE,https://www.paytome.co/i/eb0qgntnf
SELLER4765 LLC,P05240106-02,15,05-31-2024,01:34 PM,05-31-2024,01:37 PM,$300.00,$300.00,PAID INVOICE,https://www.paytome.co/i/p3c9homes
SELLER4765 LLC,P05240106-02,15,05-31-2024,01:26 PM,05-31-2024,01:31 PM,$200.00,$200.00,PAID INVOICE,https://www.paytome.co/i/d351czxni
SELLER4765 LLC,P05240106-02,15,05-31-2024,01:24 PM,05-31-2024,02:03 PM,$300.00,$300.00,PAID INVOICE,https://www.paytome.co/i/7lvabsyuk
SELLER4765 LLC,P05240106-02,15,05-31-2024,01:03 PM,05-31-2024,01:11 PM,$150.00,$150.00,PAID INVOICE,https://www.paytome.co/i/rbtndtfn1
SELLER4765 LLC,P05240106-02,15,05-31-2024,01:01 PM,05-31-2024,01:13 PM,$120.00,$120.00,PAID INVOICE,https://www.paytome.co/i/vdpnvipcu
SELLER4765 LLC,P05240106-02,15,05-30-2024,02:04 PM,05-30-2024,02:09 PM,$89.99,$89.99,PAID INVOICE,https://www.paytome.co/i/sajray2im
Luggage to Ship - LTS,P01241001-01,1143,05-28-2024,10:25 PM,05-29-2024,10:25 AM,$30.00,$30.90,PAID INVOICE,https://www.paytome.co/i/jxawxknva
Luggage to Ship - LTS,P01241001-01,1143,05-28-2024,10:06 PM,06-01-2024,02:03 PM,$18.00,$18.54,PAID INVOICE,https://www.paytome.co/i/ro3q8bqnw
Luggage to Ship - LTS,P01241001-01,1143,05-28-2024,10:01 PM,05-31-2024,05:38 PM,$12.00,$12.36,PAID INVOICE,https://www.paytome.co/i/jeakv19z8
Luggage to Ship - LTS,P01241001-01,1143,05-28-2024,08:34 PM,05-30-2024,04:13 AM,$30.00,$30.90,PAID INVOICE,https://www.paytome.co/i/kws9l2wk1
Luggage to Ship - LTS,P01241001-01,1143,05-28-2024,08:20 PM,05-29-2024,06:18 AM,$81.00,$83.43,PAID INVOICE,https://www.paytome.co/i/hs68tulqn
Luggage to Ship - LTS,P01241001-01,1143,05-28-2024,08:10 PM,05-31-2024,09:24 AM,$14.00,$14.42,PAID INVOICE,https://www.paytome.co/i/gqvkry90s
Luggage to Ship - LTS,P01241001-01,1143,05-28-2024,07:57 PM,05-28-2024,08:04 PM,$14.00,$14.42,PAID INVOICE,https://www.paytome.co/i/ccay10itx
Luggage to Ship - LTS,P01241001-01,1143,05-28-2024,06:48 PM,05-28-2024,09:06 PM,$5.00,$5.15,PAID INVOICE,https://www.paytome.co/i/gmobhe7aa
Luggage to Ship - LTS,P01241001-01,1143,05-28-2024,06:32 PM,06-02-2024,11:14 AM,$45.00,$46.35,PAID INVOICE,https://www.paytome.co/i/itj0cp8ug
Luggage to Ship - LTS,P01241001-01,1143,05-27-2024,05:20 PM,05-28-2024,04:32 AM,$20.00,$20.60,PAID INVOICE,https://www.paytome.co/i/a00sm9vph
Luggage to Ship - LTS,P01241001-01,1143,05-27-2024,05:12 PM,05-28-2024,01:36 PM,$18.00,$18.54,PAID INVOICE,https://www.paytome.co/i/ef1dkrxbr
Luggage to Ship - LTS,P01241001-01,1143,05-22-2024,10:08 PM,05-23-2024,04:37 PM,$24.00,$24.72,PAID INVOICE,https://www.paytome.co/i/nzwsgoyzn
Luggage to Ship - LTS,P01241001-01,1143,05-22-2024,07:49 PM,05-22-2024,11:34 PM,$14.00,$14.42,PAID INVOICE,https://www.paytome.co/i/ztf4bv1ku
Luggage to Ship - LTS,P01241001-01,1143,05-22-2024,07:33 PM,05-23-2024,02:01 AM,$10.00,$10.30,PAID INVOICE,https://www.paytome.co/i/gitsf6o2f
Luggage to Ship - LTS,P01241001-01,1143,05-22-2024,07:24 PM,06-11-2024,01:11 PM,$31.00,$31.93,PAID INVOICE,https://www.paytome.co/i/i46mzddgr
Luggage to Ship - LTS,P01241001-01,1143,05-17-2024,09:15 PM,05-21-2024,11:22 AM,$11.70,$12.05,PAID INVOICE,https://www.paytome.co/i/yoffd3mar
Luggage to Ship - LTS,P01241001-01,1143,05-17-2024,08:24 PM,06-05-2024,12:59 PM,$27.90,$28.74,PAID INVOICE,https://www.paytome.co/i/n7cqiud4r
Luggage to Ship - LTS,P01241001-01,1143,05-09-2024,09:26 PM,05-10-2024,01:37 AM,$18.00,$18.54,PAID INVOICE,https://www.paytome.co/i/0xokxtpom
Luggage to Ship - LTS,P01241001-01,1143,05-09-2024,09:11 PM,05-14-2024,12:16 PM,$27.00,$27.81,PAID INVOICE,https://www.paytome.co/i/bqvj8o8qh
Luggage to Ship - LTS,P01241001-01,1143,05-09-2024,09:02 PM,05-09-2024,09:34 PM,$10.00,$10.30,PAID INVOICE,https://www.paytome.co/i/su1peyuem
Luggage to Ship - LTS,P01241001-01,1143,05-09-2024,08:57 PM,05-13-2024,06:44 AM,$16.00,$16.48,PAID INVOICE,https://www.paytome.co/i/pp4ys2zy5
Luggage to Ship - LTS,P01241001-01,1143,05-09-2024,08:40 PM,05-11-2024,07:24 PM,$15.00,$15.45,PAID INVOICE,https://www.paytome.co/i/jqhwspuyo
Luggage to Ship - LTS,P01241001-01,1143,05-09-2024,03:26 PM,05-13-2024,04:09 PM,$82.00,$84.46,PAID INVOICE,https://www.paytome.co/i/bwaowu3dn
Luggage to Ship - LTS,P01241001-01,1143,05-09-2024,03:05 PM,05-09-2024,03:07 PM,$16.00,$16.48,PAID INVOICE,https://www.paytome.co/i/nzfscjtri
Luggage to Ship - LTS,P01241001-01,1143,05-08-2024,08:57 PM,05-09-2024,11:20 PM,$5.00,$5.15,PAID INVOICE,https://www.paytome.co/i/lm5vig1xe
Luggage to Ship - LTS,P01241001-01,1143,05-08-2024,07:59 PM,05-09-2024,09:26 AM,$11.00,$11.33,PAID INVOICE,https://www.paytome.co/i/9zznkx9ad
Luggage to Ship - LTS,P01241001-01,1143,05-08-2024,07:54 PM,05-09-2024,11:40 AM,$8.00,$8.24,PAID INVOICE,https://www.paytome.co/i/graoaq9it
Luggage to Ship - LTS,P01241001-01,1143,05-01-2024,03:35 PM,05-02-2024,03:43 PM,$8.00,$8.24,PAID INVOICE,https://www.paytome.co/i/ocewfze8p
Luggage to Ship - LTS,P01241001-01,1143,04-30-2024,08:50 PM,04-30-2024,09:43 PM,$6.00,$6.18,PAID INVOICE,https://www.paytome.co/i/d2ds1r2yp
Luggage to Ship - LTS,P01241001-01,1143,04-30-2024,08:18 PM,05-01-2024,02:32 PM,$11.00,$11.33,PAID INVOICE,https://www.paytome.co/i/xyqd1tulx
Luggage to Ship - LTS,P01241001-01,1143,04-30-2024,08:08 PM,04-30-2024,10:05 PM,$15.00,$15.45,PAID INVOICE,https://www.paytome.co/i/xhbyjjkew
Luggage to Ship - LTS,P01241001-01,1143,04-30-2024,07:50 PM,04-30-2024,08:20 PM,$5.00,$5.15,PAID INVOICE,https://www.paytome.co/i/rpigydslo
Luggage to Ship - LTS,P01241001-01,1143,04-28-2024,09:55 PM,05-02-2024,07:15 PM,$15.00,$15.45,PAID INVOICE,https://www.paytome.co/i/uxxaphylp
Luggage to Ship - LTS,P01241001-01,1143,04-22-2024,07:12 PM,04-23-2024,12:15 PM,$11.70,$12.05,PAID INVOICE,https://www.paytome.co/i/z0g0vy5wh
Luggage to Ship - LTS,P01241001-01,1143,04-18-2024,02:09 PM,04-18-2024,06:52 PM,$4.00,$4.12,PAID INVOICE,https://www.paytome.co/i/h9avfoeyq
Luggage to Ship - LTS,P01241001-01,1143,04-08-2024,07:19 AM,04-08-2024,11:22 AM,$8.00,$8.24,PAID INVOICE,https://www.paytome.co/i/ai9jgtf1s
Luggage to Ship - LTS,P01241001-01,1143,04-08-2024,05:59 AM,04-16-2024,09:03 AM,$13.00,$13.39,PAID INVOICE,https://www.paytome.co/i/dgf9hvt6m
Luggage to Ship - LTS,P01241001-01,1143,03-26-2024,08:54 AM,04-02-2024,03:13 PM,$30.60,$31.52,PAID INVOICE,https://www.paytome.co/i/ysfbxcnt2
Luggage to Ship - LTS,P01241001-01,1143,03-26-2024,08:29 AM,03-29-2024,09:44 AM,$31.77,$32.72,PAID INVOICE,https://www.paytome.co/i/gjmpzzps2
Ship to Box - STB,P01241001-02,7,03-20-2024,05:36 PM,03-20-2024,05:38 PM,"$1,553.00","$1,599.59",PAID INVOICE,https://www.paytome.co/i/5gc3ztso8
Luggage to Ship - LTS,P01241001-01,1143,03-20-2024,06:44 AM,03-21-2024,08:45 AM,$32.40,$33.37,PAID INVOICE,https://www.paytome.co/i/56sd43ohg
Luggage to Ship - LTS,P01241001-01,1143,03-20-2024,06:07 AM,03-21-2024,12:45 PM,$13.20,$13.60,PAID INVOICE,https://www.paytome.co/i/iep6ppdfb
Luggage to Ship - LTS,P01241001-01,1143,03-20-2024,04:57 AM,03-21-2024,02:28 AM,$13.50,$13.91,PAID INVOICE,https://www.paytome.co/i/qfejlnfk0
Luggage to Ship - LTS,P01241001-01,1143,03-20-2024,04:32 AM,03-21-2024,02:20 AM,$90.00,$92.70,PAID INVOICE,https://www.paytome.co/i/0r9xt391x
Luggage to Ship - LTS,P01241001-01,1143,03-19-2024,09:29 AM,03-21-2024,12:23 AM,$27.00,$27.81,PAID INVOICE,https://www.paytome.co/i/xczskja14
Luggage to Ship - LTS,P01241001-01,1143,03-19-2024,09:26 AM,03-21-2024,12:39 PM,$121.05,$124.68,PAID INVOICE,https://www.paytome.co/i/n0btswqii
Luggage to Ship - LTS,P01241001-01,1143,03-14-2024,09:26 AM,03-19-2024,09:30 AM,$18.05,$17.51,PAID INVOICE,https://www.paytome.co/i/stmbrzumg
Luggage to Ship - LTS,P01241001-01,1143,03-14-2024,08:41 AM,03-17-2024,10:23 AM,$15.30,$15.76,PAID INVOICE,https://www.paytome.co/i/2kayikbwd
Luggage to Ship - LTS,P01241001-01,1143,03-11-2024,08:03 AM,03-11-2024,12:43 PM,$13.50,$13.91,PAID INVOICE,https://www.paytome.co/i/wlasiclzn
Luggage to Ship - LTS,P01241001-01,1143,03-06-2024,11:30 PM,03-26-2024,02:35 AM,$16.25,$16.74,PAID INVOICE,https://www.paytome.co/i/xxbrhd6nb
Luggage to Ship - LTS,P01241001-01,1143,03-06-2024,07:10 PM,03-06-2024,08:14 PM,$492.00,$477.24,PAID INVOICE,https://www.paytome.co/i/cqjejiqcj
Luggage to Ship - LTS,P01241001-01,1143,03-01-2024,10:38 PM,03-01-2024,11:35 PM,$11.97,$11.61,PAID INVOICE,https://www.paytome.co/i/dtvkqabqn
Luggage to Ship - LTS,P01241001-01,1143,03-01-2024,10:32 PM,03-09-2024,12:39 AM,$13.50,$13.91,PAID INVOICE,https://www.paytome.co/i/cgowdqunp
Luggage to Ship - LTS,P01241001-01,1143,02-28-2024,03:30 PM,02-29-2024,12:47 AM,$80.00,$82.40,PAID INVOICE,https://www.paytome.co/i/ymglnyudp
Ship to Box - STB,P01241001-02,7,02-22-2024,12:28 PM,02-23-2024,03:46 AM,"$1,810.00","$1,755.70",PAID INVOICE,https://www.paytome.co/i/hinqtuzby
Luggage to Ship - LTS,P01241001-01,1143,02-21-2024,11:23 PM,02-28-2024,02:49 AM,$58.32,$56.57,PAID INVOICE,https://www.paytome.co/i/rhv68w5qv
Luggage to Ship - LTS,P01241001-01,1143,02-21-2024,11:20 PM,03-03-2024,08:59 PM,$14.53,$14.09,PAID INVOICE,https://www.paytome.co/i/8yojioyfp
Luggage to Ship - LTS,P01241001-01,1143,02-21-2024,11:15 PM,02-22-2024,10:37 PM,$42.00,$42.00,PAID INVOICE,https://www.paytome.co/i/sao1uhjxf
Luggage to Ship - LTS,P01241001-01,1143,02-21-2024,04:19 PM,02-21-2024,04:23 PM,$21.00,$21.63,PAID INVOICE,https://www.paytome.co/i/fc8frmae3
Luggage to Ship - LTS,P01241001-01,1143,02-21-2024,02:25 PM,02-21-2024,02:36 PM,$218.70,$225.26,PAID INVOICE,https://www.paytome.co/i/afves2pmp
Luggage to Ship - LTS,P01241001-01,1143,02-20-2024,11:34 PM,02-20-2024,11:54 PM,$17.82,$17.29,PAID INVOICE,https://www.paytome.co/i/cnhn7rm8a
Luggage to Ship - LTS,P01241001-01,1143,02-20-2024,11:28 PM,03-08-2024,09:52 AM,$8.10,$8.34,PAID INVOICE,https://www.paytome.co/i/outg0xo3f
Luggage to Ship - LTS,P01241001-01,1143,02-20-2024,06:19 PM,02-20-2024,10:42 PM,$113.40,$113.40,PAID INVOICE,https://www.paytome.co/i/8pmohbfz9
Luggage to Ship - LTS,P01241001-01,1143,02-15-2024,09:15 PM,02-19-2024,06:57 AM,$70.00,$67.90,PAID INVOICE,https://www.paytome.co/i/vee6jknlc
Luggage to Ship - LTS,P01241001-01,1143,02-15-2024,08:20 PM,02-16-2024,12:54 AM,$219.31,$225.89,PAID INVOICE,https://www.paytome.co/i/r5bj1kkuj
Luggage to Ship - LTS,P01241001-01,1143,02-14-2024,09:05 PM,02-14-2024,09:08 PM,$15.00,$14.55,PAID INVOICE,https://www.paytome.co/i/9lfjvwjcw
Luggage to Ship - LTS,P01241001-01,1143,02-14-2024,08:59 PM,02-15-2024,11:55 AM,$7.60,$7.83,PAID INVOICE,https://www.paytome.co/i/wohdugjvc
Luggage to Ship - LTS,P01241001-01,1143,02-13-2024,11:04 PM,02-25-2024,08:56 PM,$94.50,$94.50,PAID INVOICE,https://www.paytome.co/i/ya1wng6z1
Luggage to Ship - LTS,P01241001-01,1143,02-07-2024,12:38 AM,02-07-2024,11:49 AM,$15.00,$15.45,PAID INVOICE,https://www.paytome.co/i/ejhi6lwzr
Luggage to Ship - LTS,P01241001-01,1143,02-06-2024,01:32 AM,02-06-2024,09:09 AM,$8.10,$8.34,PAID INVOICE,https://www.paytome.co/i/frpdc4jbv
Luggage to Ship - LTS,P01241001-01,1143,02-06-2024,01:19 AM,02-09-2024,11:10 AM,$25.00,$24.25,PAID INVOICE,https://www.paytome.co/i/delyvdoib
Luggage to Ship - LTS,P01241001-01,1143,02-06-2024,01:13 AM,02-07-2024,08:37 PM,$13.00,$12.61,PAID INVOICE,https://www.paytome.co/i/sylfpcwme
Luggage to Ship - LTS,P01241001-01,1143,02-06-2024,01:08 AM,02-21-2024,03:10 AM,$30.00,$29.10,PAID INVOICE,https://www.paytome.co/i/5crrsf6wm
Luggage to Ship - LTS,P01241001-01,1143,02-06-2024,01:04 AM,02-09-2024,06:24 PM,$19.00,$18.43,PAID INVOICE,https://www.paytome.co/i/78nkahrgf
Luggage to Ship - LTS,P01241001-01,1143,02-06-2024,12:50 AM,02-08-2024,06:47 PM,$10.00,$9.70,PAID INVOICE,https://www.paytome.co/i/ot5jpgdvx
TestInvoice,,18,02-01-2024,05:00 AM,02-01-2024,05:01 AM,$9.00,$14.63,PAID INVOICE,https://www.paytome.co/i/vbmznhqic
Luggage to Ship - LTS,P01241001-01,1143,01-30-2024,12:21 PM,01-31-2024,11:33 AM,$199.03,$205.00,PAID INVOICE,https://www.paytome.co/i/orxurlaoy
Luggage to Ship - LTS,P01241001-01,1143,01-30-2024,11:49 AM,01-31-2024,11:10 PM,$18.00,$17.46,PAID INVOICE,https://www.paytome.co/i/q5ij2guir
Luggage to Ship - LTS,P01241001-01,1143,01-25-2024,10:36 PM,01-31-2024,02:55 PM,$40.50,$41.72,PAID INVOICE,https://www.paytome.co/i/3gaeon6sj
Luggage to Ship - LTS,P01241001-01,1143,01-25-2024,05:51 PM,01-25-2024,05:59 PM,$753.35,$775.95,PAID INVOICE,https://www.paytome.co/i/q3efcrgmo
Luggage to Ship - LTS,P01241001-01,1143,01-24-2024,10:17 AM,01-29-2024,07:59 AM,$8.10,$8.34,PAID INVOICE,https://www.paytome.co/i/onexzxxbw
Luggage to Ship - LTS,P01241001-01,1143,01-21-2024,08:03 PM,01-21-2024,08:08 PM,$1.35,$1.39,PAID INVOICE,https://www.paytome.co/i/m6luctxhe
Finance Team,P01241001,5,01-10-2024,11:19 PM,01-10-2024,11:23 PM,$25.00,$25.00,PAID INVOICE,https://www.paytome.co/i/4su7qflmx
Test QA TauhidBD,P12232603,56,01-04-2024,10:25 PM,01-04-2024,10:26 PM,"$1,000.00","$1,020.00",PAID INVOICE,https://www.paytome.co/i/ok6lhb31p
Test QA TauhidBD,P12232603,56,01-04-2024,10:22 PM,01-04-2024,10:23 PM,$230.00,$255.00,PAID INVOICE,https://www.paytome.co/i/njh3pajcm
Test QA TauhidBD,P12232603,56,01-04-2024,10:19 PM,01-04-2024,10:21 PM,$30.00,$31.50,PAID INVOICE,https://www.paytome.co/i/uuo9fprpi
Test QA TauhidBD,P12232603,56,01-04-2024,10:15 PM,01-04-2024,10:16 PM,$20.00,$22.00,PAID INVOICE,https://www.paytome.co/i/ltgwb651a
Test QA TauhidBD,P12232603,56,01-04-2024,10:12 PM,01-04-2024,10:14 PM,$0.75,$0.77,PAID INVOICE,https://www.paytome.co/i/y7ca4lovt
Test QA TauhidBD,P12232603,56,12-27-2023,07:26 AM,12-27-2023,07:28 AM,$176.00,$184.80,PAID INVOICE,https://www.paytome.co/i/xxbotmu04
